,obj_key,obj_subprg,Кодзадачи,ДатаНачалаЗадачи,Статуспоэкспертизе,Экспертиза,season,Скорость,Кол-во рабочих,Генподрядчик,Генпроектировщик,Площадь,2023-01-17,2023-01-23,2023-02-06,2023-02-13,2023-02-20,2023-02-27,2023-03-06,2023-03-13,2023-03-20,2023-03-27,2023-04-03,2023-04-10,2023-04-17,2023-04-24,2023-05-02,2023-05-10,2023-05-15,2023-05-22,2023-05-29,y,yy,ДатаОкончанияЗадачи
0,017-0520,1,1,2018-11-01,0,0,4,0.7575757575757576,0,5,8,0.0,100,100,100,100,100,100,100,100,100,100,100,100,100,100,100,100,100,100,100,0,1115,2021-11-20
1,017-0520,1,1.4.2,2021-12-15,0,0,1,0.7575757575757576,0,5,8,0.0,100,100,100,100,100,100,100,100,100,100,100,100,100,100,100,100,100,100,100,0,95,2022-03-20
2,017-0520,1,3,2021-02-20,0,0,2,0.0833333333333333,0,5,8,0.0,11,11,11,11,11,11,11,11,11,11,11,11,11,11,11,11,11,11,11,0,434,2022-04-30
3,017-0520,1,3.1,2021-02-20,0,0,2,0.6818181818181818,0,5,8,0.0,38,38,38,38,38,38,38,38,38,38,38,38,38,38,38,38,38,38,38,0,228,2021-10-06
4,017-0520,1,3.11,2021-04-20,0,0,2,0.0,0,5,8,0.0,0,0,0,0,0,0,0,0,0,0,0,0,0,0,0,0,0,0,0,0,176,2021-10-13
5,017-0520,1,3.13,2021-08-09,0,0,3,0.0,0,5,8,0.0,0,0,0,0,0,0,0,0,0,0,0,0,0,0,0,0,0,0,0,0,110,2021-11-27
6,017-0520,1,3.15,2021-10-12,0,0,4,0.0,0,5,8,0.0,0,0,0,0,0,0,0,0,0,0,0,0,0,0,0,0,0,0,0,0,203,2022-05-03
7,017-0520,1,3.3,2021-09-29,0,0,4,0.7575757575757576,0,5,8,0.0,89,89,89,89,89,89,89,89,89,89,89,89,89,89,89,89,89,89,89,0,339,2022-09-03
8,017-0520,1,3.8,2021-05-31,0,0,2,0.0,0,5,8,0.0,0,0,0,0,0,0,0,0,0,0,0,0,0,0,0,0,0,0,0,0,76,2021-08-15
9,017-0520,1,4,2021-08-09,0,0,3,0.0,0,5,8,0.0,0,0,0,0,0,0,0,0,0,0,0,0,0,0,0,0,0,0,0,0,603,2023-04-04
10,017-0520,1,4.1.1,2021-11-11,0,0,4,0.0,0,5,8,0.0,0,0,0,0,0,0,0,0,0,0,0,0,0,0,0,0,0,0,0,0,7,2021-11-18
11,017-0520,1,4.10,2023-03-31,0,0,2,0.0,0,5,8,0.0,0,0,0,0,0,0,0,0,0,0,0,0,0,0,0,0,0,0,0,0,54,2023-05-24
12,017-0520,1,4.11,2022-05-02,0,0,2,0.0,0,5,8,0.0,0,0,0,0,0,0,0,0,0,0,0,0,0,0,0,0,0,0,0,0,227,2022-12-15
13,017-0520,1,4.12,2023-03-01,0,0,2,0.0,0,5,8,0.0,0,0,0,0,0,0,0,0,0,0,0,0,0,0,0,0,0,0,0,0,58,2023-04-28
14,017-0520,1,4.2,2021-10-12,0,0,4,0.0,0,5,8,0.0,0,0,0,0,0,0,0,0,0,0,0,0,0,0,0,0,0,0,0,0,78,2021-12-29
15,017-0520,1,4.3,2021-12-01,0,0,1,0.0,0,5,8,0.0,0,0,0,0,0,0,0,0,0,0,0,0,0,0,0,0,0,0,0,0,141,2022-04-21
16,017-0520,1,4.4,2021-12-08,0,0,1,0.0,0,5,8,0.0,0,0,0,0,0,0,0,0,0,0,0,0,0,0,0,0,0,0,0,0,238,2022-08-03
17,017-0520,1,4.5,2022-08-31,0,0,3,0.0,0,5,8,0.0,0,0,0,0,0,0,0,0,0,0,0,0,0,0,0,0,0,0,0,0,54,2022-10-24
18,017-0520,1,4.6,2022-08-11,0,0,3,0.0,0,5,8,0.0,0,0,0,0,0,0,0,0,0,0,0,0,0,0,0,0,0,0,0,0,109,2022-11-28
19,017-0520,1,4.7,2022-06-01,0,0,2,0.0,0,5,8,0.0,0,0,0,0,0,0,0,0,0,0,0,0,0,0,0,0,0,0,0,0,282,2023-03-10
20,017-0520,1,4.8,2022-08-31,0,0,3,0.0,0,5,8,0.0,0,0,0,0,0,0,0,0,0,0,0,0,0,0,0,0,0,0,0,0,152,2023-01-30
21,017-0520,1,4.9,2022-04-02,0,0,2,0.0,0,5,8,0.0,0,0,0,0,0,0,0,0,0,0,0,0,0,0,0,0,0,0,0,0,304,2023-01-31
22,017-0520,1,5,2023-04-03,0,0,2,0.0,0,5,8,0.0,0,0,0,0,0,0,0,0,0,0,0,0,0,0,0,0,0,0,0,0,137,2023-08-18
23,017-0527,0,1,2018-11-01,0,0,4,0.7045454545454546,0,5,8,0.0,93,93,93,93,93,93,93,93,93,93,93,93,93,93,93,93,93,93,93,0,1137,2021-12-12
24,017-0527,0,1.4.2,2021-12-07,0,0,1,0.0,0,5,8,0.0,0,0,0,0,0,0,0,0,0,0,0,0,0,0,0,0,0,0,0,0,79,2022-02-24
25,017-0527,0,3,2021-03-04,0,0,2,0.0378787878787878,0,5,8,0.0,5,5,5,5,5,5,5,5,5,5,5,5,5,5,5,5,5,5,5,0,467,2022-06-14
26,017-0527,0,3.1,2021-03-04,0,0,2,0.6060606060606061,0,5,8,0.0,79,79,79,79,79,79,79,79,79,79,79,79,79,79,79,79,79,79,79,0,244,2021-11-03
27,017-0527,0,3.11,2021-05-04,0,0,2,0.0,0,5,8,0.0,0,0,0,0,0,0,0,0,0,0,0,0,0,0,0,0,0,0,0,0,164,2021-10-15
28,017-0527,0,3.13,2021-08-27,0,0,3,0.0,0,5,8,0.0,0,0,0,0,0,0,0,0,0,0,0,0,0,0,0,0,0,0,0,0,123,2021-12-28
29,017-0527,0,3.15,2021-11-10,0,0,4,0.0,0,5,8,0.0,0,0,0,0,0,0,0,0,0,0,0,0,0,0,0,0,0,0,0,0,172,2022-05-01
30,017-0527,0,3.3,2021-03-04,0,0,2,0.7575757575757576,0,5,8,0.0,95,95,95,95,95,95,95,95,95,95,95,95,95,95,95,95,95,95,95,0,245,2021-11-04
31,017-0527,0,3.8,2021-09-06,0,0,4,0.0,0,5,8,0.0,0,0,0,0,0,0,0,0,0,0,0,0,0,0,0,0,0,0,0,0,10,2021-09-16
32,017-0527,0,4,2021-08-23,0,0,3,0.0,0,5,8,0.0,0,0,0,0,0,0,0,0,0,0,0,0,0,0,0,0,0,0,0,0,617,2023-05-02
33,017-0527,0,4.1.1,2022-05-04,0,0,2,0.0,0,5,8,0.0,0,0,0,0,0,0,0,0,0,0,0,0,0,0,0,0,0,0,0,0,34,2022-06-07
34,017-0527,0,4.10,2023-04-02,0,0,2,0.0,0,5,8,0.0,0,0,0,0,0,0,0,0,0,0,0,0,0,0,0,0,0,0,0,0,61,2023-06-02
35,017-0527,0,4.11,2022-05-02,0,0,2,0.0,0,5,8,0.0,0,0,0,0,0,0,0,0,0,0,0,0,0,0,0,0,0,0,0,0,232,2022-12-20
36,017-0527,0,4.12,2023-03-01,0,0,2,0.0,0,5,8,0.0,0,0,0,0,0,0,0,0,0,0,0,0,0,0,0,0,0,0,0,0,67,2023-05-07
37,017-0527,0,4.2,2021-11-10,0,0,4,0.0,0,5,8,0.0,0,0,0,0,0,0,0,0,0,0,0,0,0,0,0,0,0,0,0,0,63,2022-01-12
38,017-0527,0,4.3,2021-12-01,0,0,1,0.0,0,5,8,0.0,0,0,0,0,0,0,0,0,0,0,0,0,0,0,0,0,0,0,0,0,141,2022-04-21
39,017-0527,0,4.4,2021-12-11,0,0,1,0.0,0,5,8,0.0,0,0,0,0,0,0,0,0,0,0,0,0,0,0,0,0,0,0,0,0,234,2022-08-02
40,017-0527,0,4.5,2022-07-14,0,0,3,0.0,0,5,8,0.0,0,0,0,0,0,0,0,0,0,0,0,0,0,0,0,0,0,0,0,0,77,2022-09-29
41,017-0527,0,4.6,2022-06-16,0,0,2,0.0,0,5,8,0.0,0,0,0,0,0,0,0,0,0,0,0,0,0,0,0,0,0,0,0,0,160,2022-11-23
42,017-0527,0,4.7,2022-06-01,0,0,2,0.0,0,5,8,0.0,0,0,0,0,0,0,0,0,0,0,0,0,0,0,0,0,0,0,0,0,291,2023-03-19
43,017-0527,0,4.8,2022-06-01,0,0,2,0.0,0,5,8,0.0,0,0,0,0,0,0,0,0,0,0,0,0,0,0,0,0,0,0,0,0,205,2022-12-23
44,017-0527,0,4.9,2022-04-09,0,0,2,0.0,0,5,8,0.0,0,0,0,0,0,0,0,0,0,0,0,0,0,0,0,0,0,0,0,0,327,2023-03-02
45,017-0527,0,5,2023-04-04,0,0,2,0.0,0,5,8,0.0,0,0,0,0,0,0,0,0,0,0,0,0,0,0,0,0,0,0,0,0,149,2023-08-31
46,019-0428,0,1,2020-09-07,0,0,4,0.7575757575757576,36,4,12,0.0,100,100,100,100,100,100,100,100,100,100,100,100,100,100,100,100,100,100,100,0,545,2022-03-06
47,019-0428,0,1.4.2,2022-01-17,0,0,1,0.7575757575757576,36,4,12,0.0,100,100,100,100,100,100,100,100,100,100,100,100,100,100,100,100,100,100,100,0,110,2022-05-07
48,019-0428,0,3,2021-01-20,0,0,1,0.6287878787878788,36,4,12,0.0,72,72,78,78,77,77,78,78,80,80,81,81,80,82,83,82,82,83,83,0,955,2023-09-02
49,019-0428,0,3.1,2021-03-22,0,0,2,0.7575757575757576,36,4,12,0.0,100,100,100,100,100,100,100,100,100,100,100,100,100,100,100,100,100,100,100,0,162,2021-08-31
50,019-0428,0,3.11,2021-01-20,0,0,1,0.7575757575757576,36,4,12,0.0,96,96,99,99,99,99,99,99,99,99,99,99,99,99,99,99,99,100,100,0,752,2023-02-11
51,019-0428,0,3.13,2023-01-26,1,0,2,0.0,36,4,12,0.0,0,0,0,0,0,0,0,0,0,0,0,0,0,0,0,0,0,0,0,0,65,2023-04-01
52,019-0428,0,3.15,2021-11-23,0,0,4,0.3712121212121212,36,4,12,0.0,14,14,28,28,28,28,31,31,38,38,43,43,44,48,48,48,48,49,49,0,549,2023-05-26
53,019-0428,0,3.3,2021-03-22,0,0,2,0.7575757575757576,36,4,12,0.0,100,100,100,100,100,100,100,100,100,100,100,100,100,100,100,100,100,100,100,0,247,2021-11-24
54,019-0428,0,4,2022-01-20,0,0,1,0.0681818181818181,36,4,12,0.0,6,6,6,6,7,7,7,7,7,8,8,8,8,8,8,8,8,8,9,0,821,2024-04-20
55,019-0428,0,4.1.1,2023-04-12,0,0,4,0.0,36,4,12,0.0,0,0,0,0,0,0,0,0,0,0,0,0,0,0,0,0,0,0,0,0,39,2023-05-21
56,019-0428,0,4.10,2024-03-11,0,0,2,0.0,36,4,12,0.0,0,0,0,0,0,0,0,0,0,0,0,0,0,0,0,0,0,0,0,0,61,2024-05-11
57,019-0428,0,4.11,2023-05-10,0,0,3,0.0,36,4,12,0.0,0,0,0,0,0,0,0,0,0,0,0,0,0,0,0,0,0,0,0,0,146,2023-10-03
58,019-0428,0,4.12,2023-10-02,0,0,4,0.0,36,4,12,0.0,0,0,0,0,0,0,0,0,0,0,0,0,0,0,0,0,0,0,0,0,112,2024-01-22
59,019-0428,0,4.2,2022-01-20,0,0,1,0.7575757575757576,36,4,12,0.0,100,100,100,100,100,100,100,100,100,100,100,100,100,100,100,100,100,100,100,0,132,2022-06-01
60,019-0428,0,4.3,2022-04-20,0,0,2,0.7575757575757576,36,4,12,0.0,95,95,95,95,95,95,95,100,100,100,100,100,100,100,100,100,100,100,100,0,308,2023-02-22
61,019-0428,0,4.4,2022-06-09,0,0,2,0.7348484848484849,36,4,12,0.0,57,57,72,75,76,76,77,78,83,79,81,81,86,89,84,84,84,90,97,0,383,2023-06-27
62,019-0428,0,4.5,2023-05-03,0,0,3,0.0,36,4,12,0.0,0,0,0,0,0,0,0,0,0,0,0,0,0,0,0,0,0,0,0,0,51,2023-06-23
63,019-0428,0,4.6,2023-04-25,0,0,3,0.0,36,4,12,0.0,0,0,0,0,0,0,0,0,0,0,0,0,0,0,0,0,0,0,0,0,114,2023-08-17
64,019-0428,0,4.7,2023-06-19,0,0,3,0.0,36,4,12,0.0,0,0,0,0,0,0,0,0,0,0,0,0,0,0,0,0,0,0,0,0,217,2024-01-22
65,019-0428,0,4.8,2024-02-28,0,0,2,0.0,36,4,12,0.0,0,0,0,0,0,0,0,0,0,0,0,0,0,0,0,0,0,0,0,0,57,2024-04-25
66,019-0428,0,4.9,2023-04-25,0,0,3,0.0,36,4,12,0.0,0,0,0,0,0,0,0,0,0,0,0,0,0,0,0,0,0,0,0,0,231,2023-12-12
67,019-0428,0,5,2023-06-17,0,0,3,0.0,36,4,12,0.0,0,0,0,0,0,0,0,0,0,0,0,0,0,0,0,0,0,0,0,0,235,2024-02-07
68,019-0428,0,5.11,2024-05-10,0,0,2,0.0,36,4,12,0.0,0,0,0,0,0,0,0,0,0,0,0,0,0,0,0,0,0,0,0,0,0,2024-05-10
69,019-0428,0,7.1,2024-05-01,0,0,2,0.0,36,4,12,0.0,0,0,0,0,0,0,0,0,0,0,0,0,0,0,0,0,0,0,0,0,29,2024-05-30
70,019-0428,0,7.1.8,2024-05-15,0,0,2,0.0,36,4,12,0.0,0,0,0,0,0,0,0,0,0,0,0,0,0,0,0,0,0,0,0,0,0,2024-05-15
71,019-0428,0,7.4,2024-05-16,0,0,2,0.0,36,4,12,0.0,0,0,0,0,0,0,0,0,0,0,0,0,0,0,0,0,0,0,0,0,9,2024-05-25
72,019-0428,0,8,2024-05-31,0,0,2,0.0,36,4,12,9067.1,0,0,0,0,0,0,0,0,0,0,0,0,0,0,0,0,0,0,0,0,220,2025-01-06
73,019-0429,0,1,2019-08-12,0,0,3,0.7575757575757576,65,7,11,0.0,100,100,100,100,100,100,100,100,100,100,100,100,100,100,100,100,100,100,100,0,964,2022-04-02
74,019-0429,0,1.4.2,2021-12-01,0,0,1,0.7575757575757576,65,7,11,0.0,100,100,100,100,100,100,100,100,100,100,100,100,100,100,100,100,100,100,100,0,117,2022-03-28
75,019-0429,0,3,2020-11-02,0,0,4,0.5523809523809524,65,7,11,0.0,29,29,38,38,38,38,39,39,43,44,48,48,48,54,58,52,52,52,52,0,1017,2023-08-16
76,019-0429,0,3.1,2020-12-01,0,0,1,0.7575757575757576,65,7,11,0.0,100,100,100,100,100,100,100,100,100,100,100,100,100,100,100,100,100,100,100,0,102,2021-03-13
77,019-0429,0,3.11,2020-11-02,0,0,4,0.7575757575757576,65,7,11,0.0,99,99,99,99,99,99,99,99,99,99,99,99,99,99,99,99,99,100,100,0,838,2023-02-18
78,019-0429,0,3.13,2023-01-26,1,0,2,0.0,65,7,11,0.0,0,0,0,0,0,0,0,0,0,0,0,0,0,0,0,0,0,0,0,0,65,2023-04-01
79,019-0429,0,3.15,2022-07-15,0,0,3,0.4666666666666667,65,7,11,0.0,10,10,23,23,24,24,24,24,30,31,36,37,37,43,49,44,44,44,44,0,298,2023-05-09
80,019-0429,0,3.3,2020-11-16,0,0,4,0.7575757575757576,65,7,11,0.0,100,100,100,100,100,100,100,100,100,100,100,100,100,100,100,100,100,100,100,0,133,2021-03-29
81,019-0429,0,3.8,2021-08-10,0,0,3,0.7575757575757576,65,7,11,0.0,100,100,100,100,100,100,100,100,100,100,100,100,100,100,100,100,100,100,100,0,38,2021-09-17
82,019-0429,0,4,2022-06-29,0,0,2,0.1287878787878787,65,7,11,0.0,11,11,12,13,14,14,14,14,14,14,15,15,15,15,16,16,16,16,17,0,542,2023-12-23
83,019-0429,0,4.1.1,2023-03-29,0,0,4,0.0,65,7,11,0.0,0,0,0,0,0,0,0,0,0,0,0,0,0,0,0,0,0,0,0,0,40,2023-05-08
84,019-0429,0,4.10,2023-11-11,0,0,1,0.0,65,7,11,0.0,0,0,0,0,0,0,0,0,0,0,0,0,0,0,0,0,0,0,0,0,81,2024-01-31
85,019-0429,0,4.11,2023-04-26,0,0,2,0.0,65,7,11,0.0,0,0,0,0,0,0,0,0,0,0,0,0,0,0,0,0,0,0,0,0,135,2023-09-08
86,019-0429,0,4.12,2023-05-22,0,0,3,0.0,65,7,11,0.0,0,0,0,0,0,0,0,0,0,0,0,0,0,0,0,0,0,0,0,0,98,2023-08-28
87,019-0429,0,4.2,2022-06-30,0,0,2,0.7575757575757576,65,7,11,0.0,100,100,100,100,100,100,100,100,100,100,100,100,100,100,100,100,100,100,100,0,74,2022-09-12
88,019-0429,0,4.3,2022-06-29,0,0,2,1.5873015873015872,117,7,11,0.0,66,66,66,66,66,66,65,65,64,63,75,75,100,100,100,100,100,100,100,0,282,2023-04-07
89,019-0429,0,4.4,2022-09-16,0,0,4,0.7121212121212122,65,7,11,0.0,49,49,62,76,83,83,84,84,87,85,88,87,87,87,87,86,86,94,94,0,283,2023-06-26
90,019-0429,0,4.5,2023-05-22,0,0,3,0.0,65,7,11,0.0,0,0,0,0,0,0,0,0,0,0,0,0,0,0,0,0,0,0,0,0,56,2023-07-17
91,019-0429,0,4.6,2023-05-24,0,0,3,0.0,65,7,11,0.0,0,0,0,0,0,0,0,0,0,0,0,0,0,0,0,0,0,0,0,0,104,2023-09-05
92,019-0429,0,4.7,2023-02-26,0,0,2,0.0,65,7,11,0.0,0,0,0,0,0,0,0,0,0,0,0,0,0,0,0,0,0,0,0,0,193,2023-09-07
93,019-0429,0,4.8,2023-06-28,0,0,3,0.0,65,7,11,0.0,0,0,0,0,0,0,0,0,0,0,0,0,0,0,0,0,0,0,0,0,86,2023-09-22
94,019-0429,0,4.9,2023-03-28,0,0,2,0.0,65,7,11,0.0,0,0,0,0,0,0,0,0,0,0,0,0,0,0,0,0,0,0,0,0,202,2023-10-16
95,019-0429,0,5,2023-05-17,0,0,3,0.0,65,7,11,0.0,0,0,0,0,0,0,0,0,0,0,0,0,0,0,0,0,0,0,0,0,236,2024-01-08
96,019-0429,0,5.11,2024-01-18,0,0,2,0.0,65,7,11,0.0,0,0,0,0,0,0,0,0,0,0,0,0,0,0,0,0,0,0,0,0,3,2024-01-21
97,019-0429,0,7.1,2024-03-11,0,0,2,0.0,65,7,11,0.0,0,0,0,0,0,0,0,0,0,0,0,0,0,0,0,0,0,0,0,0,43,2024-04-23
98,019-0429,0,7.1.8,2024-05-22,0,0,2,0.0,65,7,11,0.0,0,0,0,0,0,0,0,0,0,0,0,0,0,0,0,0,0,0,0,0,0,2024-05-22
99,019-0429,0,7.4,2024-05-23,0,0,2,0.0,65,7,11,0.0,0,0,0,0,0,0,0,0,0,0,0,0,0,0,0,0,0,0,0,0,22,2024-06-14
100,019-0429,0,8,2024-05-30,0,0,2,0.0,65,7,11,0.0,0,0,0,0,0,0,0,0,0,0,0,0,0,0,0,0,0,0,0,0,207,2024-12-23
101,019-0430,0,1,2020-09-09,0,0,4,0.7575757575757576,0,15,23,0.0,100,100,100,100,100,100,100,100,100,100,100,100,100,100,100,100,100,100,100,0,709,2022-08-19
102,019-0430,0,1.4.2,2022-06-20,0,0,2,0.7575757575757576,0,15,23,0.0,100,100,100,100,100,100,100,100,100,100,100,100,100,100,100,100,100,100,100,0,115,2022-10-13
103,019-0430,0,3,2020-12-15,0,0,1,1.2678571428571428,0,15,23,0.0,66,66,66,67,67,67,68,68,69,69,63,64,64,65,66,67,69,70,71,0,842,2023-04-06
104,019-0430,0,3.1,2021-11-01,0,0,4,0.7575757575757576,0,15,23,0.0,100,100,100,100,100,100,100,100,100,100,100,100,100,100,100,100,100,100,100,0,301,2022-08-29
105,019-0430,0,3.11,2021-05-28,0,0,2,0.7575757575757576,0,15,23,0.0,99,99,99,99,99,99,99,99,99,99,99,99,99,99,100,100,100,100,100,0,666,2023-03-25
106,019-0430,0,3.13,2023-01-13,1,0,2,0.6060606060606061,0,15,23,0.0,0,2,21,27,35,35,0,0,0,20,30,26,24,36,51,60,65,75,80,0,136,2023-05-29
107,019-0430,0,3.15,2022-08-01,0,0,3,0.2424242424242424,0,15,23,0.0,3,3,3,5,6,6,7,8,10,12,12,13,15,17,18,21,27,29,32,0,362,2023-07-29
108,019-0430,0,3.3,2021-11-12,0,0,4,0.7575757575757576,0,15,23,0.0,100,100,100,100,100,100,100,100,100,100,100,100,100,100,100,100,100,100,100,0,277,2022-08-16
109,019-0430,0,3.8,2020-12-15,0,0,1,0.7575757575757576,0,15,23,0.0,100,100,100,100,100,100,100,100,100,100,100,100,100,100,100,100,100,100,100,0,56,2021-02-09
110,019-0430,0,4,2023-03-02,0,0,2,0.0,0,15,23,0.0,0,0,0,0,0,0,0,0,0,0,0,0,0,0,0,0,0,0,0,0,600,2024-10-22
111,019-0430,0,4.1.1,2023-03-30,0,0,3,0.0,0,15,23,0.0,0,0,0,0,0,0,0,0,0,0,0,0,0,0,0,0,0,0,0,0,35,2023-05-04
112,019-0430,0,4.10,2024-04-20,0,0,4,0.0,0,15,23,0.0,0,0,0,0,0,0,0,0,0,0,0,0,0,0,0,0,0,0,0,0,92,2024-07-21
113,019-0430,0,4.11,2023-12-24,0,0,3,0.0,0,15,23,0.0,0,0,0,0,0,0,0,0,0,0,0,0,0,0,0,0,0,0,0,0,167,2024-06-08
114,019-0430,0,4.12,2024-03-01,0,0,2,0.0,0,15,23,0.0,0,0,0,0,0,0,0,0,0,0,0,0,0,0,0,0,0,0,0,0,65,2024-05-05
115,019-0430,0,4.2,2023-03-02,0,0,2,0.0,0,15,23,0.0,0,0,0,0,0,0,0,0,0,0,0,0,0,0,0,0,0,0,0,0,101,2023-06-11
116,019-0430,0,4.3,2023-04-01,0,0,4,0.0,0,15,23,0.0,0,0,0,0,0,0,0,0,0,0,0,0,0,0,0,0,0,0,0,0,151,2023-08-30
117,019-0430,0,4.4,2023-05-04,0,0,4,0.0,0,15,23,0.0,0,0,0,0,0,0,0,0,0,0,0,0,0,0,0,0,0,0,0,0,220,2023-12-10
118,019-0430,0,4.5,2023-12-24,0,0,3,0.0,0,15,23,0.0,0,0,0,0,0,0,0,0,0,0,0,0,0,0,0,0,0,0,0,0,56,2024-02-18
119,019-0430,0,4.6,2023-10-10,0,0,3,0.0,0,15,23,0.0,0,0,0,0,0,0,0,0,0,0,0,0,0,0,0,0,0,0,0,0,131,2024-02-18
120,019-0430,0,4.7,2023-11-08,0,0,2,0.0,0,15,23,0.0,0,0,0,0,0,0,0,0,0,0,0,0,0,0,0,0,0,0,0,0,242,2024-07-07
121,019-0430,0,4.8,2024-02-10,0,0,4,0.0,0,15,23,0.0,0,0,0,0,0,0,0,0,0,0,0,0,0,0,0,0,0,0,0,0,97,2024-05-17
122,019-0430,0,4.9,2023-08-21,0,0,2,0.0,0,15,23,0.0,0,0,0,0,0,0,0,0,0,0,0,0,0,0,0,0,0,0,0,0,264,2024-05-11
123,019-0430,0,5,2024-02-21,0,0,4,0.0,0,15,23,0.0,0,0,0,0,0,0,0,0,0,0,0,0,0,0,0,0,0,0,0,0,197,2024-09-05
124,019-0430,0,5.11,2024-05-20,0,0,2,0.0,0,15,23,0.0,0,0,0,0,0,0,0,0,0,0,0,0,0,0,0,0,0,0,0,0,3,2024-05-23
125,019-0430,0,7.1,2024-04-08,0,0,2,0.0,0,15,23,0.0,0,0,0,0,0,0,0,0,0,0,0,0,0,0,0,0,0,0,0,0,44,2024-05-22
126,019-0430,0,7.1.8,2024-05-15,0,0,2,0.0,0,15,23,0.0,0,0,0,0,0,0,0,0,0,0,0,0,0,0,0,0,0,0,0,0,0,2024-05-15
127,019-0430,0,7.4,2024-05-16,0,0,2,0.0,0,15,23,0.0,0,0,0,0,0,0,0,0,0,0,0,0,0,0,0,0,0,0,0,0,11,2024-05-27
128,019-0430,0,8,2024-05-31,0,0,2,0.0,0,15,23,16094.4,0,0,0,0,0,0,0,0,0,0,0,0,0,0,0,0,0,0,0,0,220,2025-01-06
129,019-0431,0,1,2020-11-02,0,0,4,0.7575757575757576,213,16,22,0.0,100,100,100,100,100,100,100,100,100,100,100,100,100,100,100,100,100,100,100,0,569,2022-05-25
130,019-0431,0,1.4.2,2021-01-11,0,0,1,0.7575757575757576,213,16,22,0.0,100,100,100,100,100,100,100,100,100,100,100,100,100,100,100,100,100,100,100,0,102,2021-04-23
131,019-0431,0,3,2021-01-21,0,0,1,1.9387755102040816,254,16,22,0.0,95,95,95,95,95,95,94,94,94,94,94,93,93,93,93,95,95,95,95,0,923,2023-08-02
132,019-0431,0,3.1,2021-02-01,0,0,2,0.7575757575757576,213,16,22,0.0,100,100,100,100,100,100,100,100,100,100,100,100,100,100,100,100,100,100,100,0,46,2021-03-19
133,019-0431,0,3.11,2021-03-11,0,0,2,0.7575757575757576,213,16,22,0.0,100,100,100,100,100,100,100,100,100,100,100,100,100,100,100,100,100,100,100,0,229,2021-10-26
134,019-0431,0,3.13,2023-03-01,0,0,2,0.7575757575757576,213,16,22,0.0,0,0,0,0,0,0,0,0,0,0,0,0,0,0,0,0,0,0,0,0,74,2023-05-14
135,019-0431,0,3.15,2021-03-18,0,0,2,1.6785714285714286,183,16,22,0.0,94,94,94,93,93,93,93,93,93,93,92,92,92,92,92,94,94,94,94,0,736,2023-03-24
136,019-0431,0,3.3,2021-03-05,0,0,2,0.7575757575757576,213,16,22,0.0,100,100,100,100,100,100,100,100,100,100,100,100,100,100,100,100,100,100,100,0,84,2021-05-28
137,019-0431,0,3.8,2021-06-18,0,0,2,0.7575757575757576,213,16,22,0.0,100,100,100,100,100,100,100,100,100,100,100,100,100,100,100,100,100,100,100,0,4,2021-06-22
138,019-0431,0,4,2021-04-14,0,0,2,0.5984848484848485,213,16,22,0.0,66,67,69,70,69,69,71,72,73,73,72,73,73,74,75,76,77,78,79,0,773,2023-05-27
139,019-0431,0,4.1.1,2022-08-15,0,0,3,0.7575757575757576,213,16,22,0.0,100,100,100,100,100,100,100,100,100,100,100,100,100,100,100,100,100,100,100,0,30,2022-09-14
140,019-0431,0,4.10,2023-03-13,0,0,2,0.0,213,16,22,0.0,0,0,0,0,0,0,0,0,0,0,0,0,0,0,0,0,0,0,0,0,43,2023-04-25
141,019-0431,0,4.11,2022-02-25,0,0,2,0.7575757575757576,213,16,22,0.0,100,100,100,100,100,100,100,100,100,100,100,100,100,100,100,100,100,100,100,0,265,2022-11-17
142,019-0431,0,4.12,2022-07-07,0,0,3,0.5151515151515151,213,16,22,0.0,41,42,43,44,44,44,45,45,47,48,48,49,50,54,57,58,63,65,68,0,339,2023-06-11
143,019-0431,0,4.2,2021-04-14,0,0,2,0.7575757575757576,213,16,22,0.0,100,100,100,100,100,100,100,100,100,100,100,100,100,100,100,100,100,100,100,0,192,2021-10-23
144,019-0431,0,4.3,2021-06-26,0,0,2,0.7575757575757576,213,16,22,0.0,100,100,100,100,100,100,100,100,100,100,100,100,100,100,100,100,100,100,100,0,234,2022-02-15
145,019-0431,0,4.4,2021-07-13,0,0,3,0.7575757575757576,213,16,22,0.0,100,100,100,100,100,100,100,100,100,100,100,100,100,100,100,100,100,100,100,0,271,2022-04-10
146,019-0431,0,4.5,2022-05-30,0,0,2,0.7575757575757576,213,16,22,0.0,100,100,100,100,100,100,100,100,100,100,100,100,100,100,100,100,100,100,100,0,154,2022-10-31
147,019-0431,0,4.6,2022-06-15,0,0,2,0.75,213,16,22,0.0,89,91,93,94,94,94,95,95,95,96,96,97,97,98,98,99,99,99,99,0,346,2023-05-27
148,019-0431,0,4.7,2022-04-12,0,0,2,0.5,213,16,22,0.0,43,45,47,48,50,50,54,55,56,56,55,56,57,59,60,62,63,65,66,0,417,2023-06-03
149,019-0431,0,4.8,2023-02-01,0,0,1,0.4,213,16,22,0.0,0,20,22,24,25,25,27,29,34,35,38,39,40,41,42,43,45,50,46,0,149,2023-06-30
150,019-0431,0,4.9,2021-12-18,0,0,1,0.8877551020408163,195,16,22,0.0,84,83,83,84,81,81,82,83,83,83,83,84,84,85,85,86,86,86,87,0,545,2023-06-16
151,019-0431,0,5,2022-12-19,0,0,2,0.0075757575757575,213,16,22,0.0,0,0,0,0,0,0,0,0,0,0,0,0,1,1,1,1,1,1,1,0,182,2023-06-19
152,019-0431,0,5.11,2023-05-11,0,0,3,0.0,213,16,22,0.0,0,0,0,0,0,0,0,0,0,0,0,0,0,0,0,0,0,0,0,0,4,2023-05-15
153,019-0431,0,7.1,2023-06-07,0,0,2,0.0,213,16,22,0.0,0,0,0,0,0,0,0,0,0,0,0,0,0,0,0,0,0,0,0,0,28,2023-07-05
154,019-0431,0,7.1.8,2023-06-30,0,0,3,0.0,213,16,22,0.0,0,0,0,0,0,0,0,0,0,0,0,0,0,0,0,0,0,0,0,0,0,2023-06-30
155,019-0431,0,7.4,2023-07-14,0,0,3,0.0,213,16,22,0.0,0,0,0,0,0,0,0,0,0,0,0,0,0,0,0,0,0,0,0,0,4,2023-07-18
156,019-0431,0,8,2023-08-01,0,0,3,0.0,213,16,22,19433.4,0,0,0,0,0,0,0,0,0,0,0,0,0,0,0,0,0,0,0,0,220,2024-03-08
157,019-0463,3,1,2020-03-17,0,0,2,0.7575757575757576,57,12,24,0.0,100,100,100,100,100,100,100,100,100,100,100,100,100,100,100,100,100,100,100,0,399,2021-04-20
158,019-0463,3,3,2019-08-05,0,0,3,0.7575757575757576,57,12,24,0.0,100,100,100,100,100,100,100,100,100,100,100,100,100,100,100,100,100,100,100,0,1140,2022-09-18
159,019-0463,3,3.1,2019-12-20,0,0,1,0.7575757575757576,57,12,24,0.0,100,100,100,100,100,100,100,100,100,100,100,100,100,100,100,100,100,100,100,0,35,2020-01-24
160,019-0463,3,3.11,2020-08-13,0,0,1,0.7575757575757576,57,12,24,0.0,100,100,100,100,100,100,100,100,100,100,100,100,100,100,100,100,100,100,100,0,228,2021-03-29
161,019-0463,3,3.13,2021-06-23,2,0,2,0.7575757575757576,57,12,24,0.0,100,100,100,100,100,100,100,100,100,100,100,100,100,100,100,100,100,100,100,0,114,2021-10-15
162,019-0463,3,3.15,2020-12-07,0,0,1,0.7575757575757576,57,12,24,0.0,100,100,100,100,100,100,100,100,100,100,100,100,100,100,100,100,100,100,100,0,516,2022-05-07
163,019-0463,3,3.3,2019-12-20,0,0,1,0.7575757575757576,57,12,24,0.0,100,100,100,100,100,100,100,100,100,100,100,100,100,100,100,100,100,100,100,0,37,2020-01-26
164,019-0463,3,3.8,2021-06-16,0,0,2,0.7575757575757576,57,12,24,0.0,100,100,100,100,100,100,100,100,100,100,100,100,100,100,100,100,100,100,100,0,12,2021-06-28
165,019-0463,3,4,2020-08-06,0,0,3,0.7575757575757576,57,12,24,0.0,100,100,100,100,100,100,100,100,100,100,100,100,100,100,100,100,100,100,100,0,747,2022-08-23
166,019-0463,3,4.1.1,2021-12-24,0,0,1,0.7575757575757576,57,12,24,0.0,100,100,100,100,100,100,100,100,100,100,100,100,100,100,100,100,100,100,100,0,14,2022-01-07
167,019-0463,3,4.10,2022-06-20,0,0,2,0.7575757575757576,57,12,24,0.0,100,100,100,100,100,100,100,100,100,100,100,100,100,100,100,100,100,100,100,0,122,2022-10-20
168,019-0463,3,4.11,2022-01-10,0,0,1,0.7575757575757576,57,12,24,0.0,100,100,100,100,100,100,100,100,100,100,100,100,100,100,100,100,100,100,100,0,296,2022-11-02
169,019-0463,3,4.12,2022-06-06,0,0,2,0.7575757575757576,57,12,24,0.0,100,100,100,100,100,100,100,100,100,100,100,100,100,100,100,100,100,100,100,0,183,2022-12-06
170,019-0463,3,4.2,2020-09-28,0,0,4,0.7575757575757576,57,12,24,0.0,100,100,100,100,100,100,100,100,100,100,100,100,100,100,100,100,100,100,100,0,248,2021-06-03
171,019-0463,3,4.3,2021-01-07,0,0,1,0.7575757575757576,57,12,24,0.0,100,100,100,100,100,100,100,100,100,100,100,100,100,100,100,100,100,100,100,0,305,2021-11-08
172,019-0463,3,4.4,2021-02-15,0,0,2,0.7575757575757576,57,12,24,0.0,100,100,100,100,100,100,100,100,100,100,100,100,100,100,100,100,100,100,100,0,264,2021-11-06
173,019-0463,3,4.5,2021-11-05,0,0,4,0.7575757575757576,57,12,24,0.0,100,100,100,100,100,100,100,100,100,100,100,100,100,100,100,100,100,100,100,0,197,2022-05-21
174,019-0463,3,4.6,2021-10-18,0,0,4,0.7575757575757576,57,12,24,0.0,100,100,100,100,100,100,100,100,100,100,100,100,100,100,100,100,100,100,100,0,350,2022-10-03
175,019-0463,3,4.7,2021-10-01,0,0,4,0.7575757575757576,57,12,24,0.0,100,100,100,100,100,100,100,100,100,100,100,100,100,100,100,100,100,100,100,0,378,2022-10-14
176,019-0463,3,4.8,2022-07-30,0,0,3,0.7575757575757576,57,12,24,0.0,100,100,100,100,100,100,100,100,100,100,100,100,100,100,100,100,100,100,100,0,95,2022-11-02
177,019-0463,3,4.9,2021-09-07,0,0,4,0.7575757575757576,57,12,24,0.0,100,100,100,100,100,100,100,100,100,100,100,100,100,100,100,100,100,100,100,0,447,2022-11-28
178,019-0463,3,5,2022-02-25,0,0,2,0.7575757575757576,57,12,24,0.0,47,47,50,50,50,85,85,85,84,100,100,100,100,100,100,100,100,100,100,0,392,2023-03-24
179,019-0463,3,5.11,2022-12-19,0,0,1,0.7575757575757576,57,12,24,0.0,90,90,90,90,90,90,90,90,90,100,100,100,100,100,100,100,100,100,100,0,85,2023-03-14
180,019-0463,3,7.1,2022-12-15,0,0,1,0.7575757575757576,57,12,24,0.0,5,12,20,23,23,100,100,100,100,100,100,100,100,100,100,100,100,100,100,0,50,2023-02-03
181,019-0463,3,7.1.8,2023-01-23,0,0,2,0.7575757575757576,57,12,24,0.0,0,0,0,100,100,100,100,100,100,100,100,100,100,100,100,100,100,100,100,0,1,2023-01-24
182,019-0463,3,7.4,2023-01-30,0,0,2,0.7575757575757576,57,12,24,0.0,0,0,0,0,0,0,0,0,2,100,100,100,100,100,100,100,100,100,100,0,18,2023-02-17
183,019-0463,3,8,2023-02-16,0,0,2,0.0,57,12,24,5245.4,0,0,0,0,0,0,0,0,0,0,0,0,0,0,0,0,0,0,0,0,213,2023-09-17
184,019-0464,3,1,2017-10-05,0,0,4,0.7575757575757576,107,5,8,0.0,100,100,100,100,100,100,100,100,100,100,100,100,100,100,100,100,100,100,100,0,877,2020-02-29
185,019-0464,3,3,2020-04-27,0,0,2,0.7575757575757576,107,5,8,0.0,100,100,100,100,100,100,100,100,100,100,100,100,100,100,100,100,100,100,100,0,752,2022-05-19
186,019-0464,3,3.1,2020-07-15,0,0,3,0.7575757575757576,107,5,8,0.0,100,100,100,100,100,100,100,100,100,100,100,100,100,100,100,100,100,100,100,0,11,2020-07-26
187,019-0464,3,3.11,2021-02-06,0,0,2,0.7575757575757576,107,5,8,0.0,100,100,100,100,100,100,100,100,100,100,100,100,100,100,100,100,100,100,100,0,205,2021-08-30
188,019-0464,3,3.13,2021-11-22,0,0,1,0.7575757575757576,107,5,8,0.0,100,100,100,100,100,100,100,100,100,100,100,100,100,100,100,100,100,100,100,0,112,2022-03-14
189,019-0464,3,3.15,2021-02-18,0,0,2,0.7575757575757576,107,5,8,0.0,100,100,100,100,100,100,100,100,100,100,100,100,100,100,100,100,100,100,100,0,505,2022-07-08
190,019-0464,3,3.3,2020-07-15,0,0,3,0.7575757575757576,107,5,8,0.0,100,100,100,100,100,100,100,100,100,100,100,100,100,100,100,100,100,100,100,0,3,2020-07-18
191,019-0464,3,3.8,2021-05-20,0,0,2,0.7575757575757576,107,5,8,0.0,100,100,100,100,100,100,100,100,100,100,100,100,100,100,100,100,100,100,100,0,105,2021-09-02
192,019-0464,3,4,2021-01-01,0,0,1,0.7575757575757576,107,5,8,0.0,95,96,99,99,99,99,99,99,99,99,99,99,99,99,99,99,99,99,100,0,932,2023-07-22
193,019-0464,3,4.1.1,2021-11-01,0,0,4,0.7575757575757576,107,5,8,0.0,100,100,100,100,100,100,100,100,100,100,100,100,100,100,100,100,100,100,100,0,114,2022-02-23
194,019-0464,3,4.10,2022-05-24,0,0,2,0.7575757575757576,107,5,8,0.0,95,95,95,97,97,97,97,98,99,99,99,100,100,100,100,100,100,100,100,0,300,2023-03-20
195,019-0464,3,4.11,2021-09-15,0,0,4,0.7575757575757576,107,5,8,0.0,97,98,98,98,98,98,98,99,99,99,99,99,99,99,99,99,99,99,100,0,610,2023-05-18
196,019-0464,3,4.12,2022-05-30,0,0,2,0.7575757575757576,107,5,8,0.0,100,100,100,100,100,100,100,100,100,100,100,100,100,100,100,100,100,100,100,0,181,2022-11-27
197,019-0464,3,4.2,2021-01-01,0,0,1,0.7575757575757576,107,5,8,0.0,100,100,100,100,100,100,100,100,100,100,100,100,100,100,100,100,100,100,100,0,175,2021-06-25
198,019-0464,3,4.3,2021-03-26,0,0,2,0.7575757575757576,107,5,8,0.0,100,100,100,100,100,100,100,100,100,100,100,100,100,100,100,100,100,100,100,0,292,2022-01-12
199,019-0464,3,4.4,2021-05-07,0,0,2,0.7575757575757576,107,5,8,0.0,100,100,100,100,100,100,100,100,100,100,100,100,100,100,100,100,100,100,100,0,262,2022-01-24
200,019-0464,3,4.5,2021-11-18,0,0,4,0.7575757575757576,107,5,8,0.0,100,100,100,100,100,100,100,100,100,100,100,100,100,100,100,100,100,100,100,0,169,2022-05-06
201,019-0464,3,4.6,2021-12-20,0,0,1,0.7575757575757576,107,5,8,0.0,100,100,100,100,100,100,100,100,100,100,100,100,100,100,100,100,100,100,100,0,241,2022-08-18
202,019-0464,3,4.7,2021-11-01,0,0,4,0.7575757575757576,107,5,8,0.0,89,90,100,100,100,100,100,100,100,100,100,100,100,100,100,100,100,100,100,0,457,2023-02-01
203,019-0464,3,4.8,2021-12-27,0,0,1,0.7575757575757576,107,5,8,0.0,80,88,100,100,100,100,100,100,100,100,100,100,100,100,100,100,100,100,100,0,310,2022-11-02
204,019-0464,3,4.9,2021-09-13,0,0,4,0.7575757575757576,107,5,8,0.0,99,99,100,100,100,100,100,100,100,100,100,100,100,100,100,100,100,100,100,0,501,2023-01-27
205,019-0464,3,5,2022-02-24,0,0,2,0.7424242424242424,107,5,8,0.0,45,45,65,67,80,80,80,81,83,84,85,92,94,96,96,95,96,96,98,0,487,2023-06-26
206,019-0464,3,5.11,2023-02-01,0,0,2,0.7575757575757576,107,5,8,0.0,0,0,0,0,0,0,0,0,0,0,0,0,0,0,0,0,0,0,100,0,0,2023-02-01
207,019-0464,3,7.1,2023-02-10,0,0,2,0.2803030303030303,107,5,8,0.0,0,0,0,0,0,0,0,0,0,0,0,0,0,2,6,5,5,5,37,0,48,2023-03-30
208,019-0464,3,7.1.8,2023-02-27,0,0,2,0.0,107,5,8,0.0,0,0,0,0,0,0,0,0,0,0,0,0,0,0,0,0,0,0,0,0,0,2023-02-27
209,019-0464,3,7.4,2023-02-28,0,0,2,0.0,107,5,8,0.0,0,0,0,0,0,0,0,0,0,0,0,0,0,0,0,0,0,0,0,0,11,2023-03-11
210,019-0465,3,1,2020-08-23,0,0,3,0.7575757575757576,20,8,10,0.0,100,100,100,100,100,100,100,100,100,100,100,100,100,100,100,100,100,100,100,0,499,2022-01-04
211,019-0465,3,1.4.2,2020-08-23,0,0,3,0.7575757575757576,20,8,10,0.0,100,100,100,100,100,100,100,100,100,100,100,100,100,100,100,100,100,100,100,0,112,2020-12-13
212,019-0465,3,3,2019-11-19,0,0,4,0.7575757575757576,20,8,10,0.0,100,100,100,100,100,100,100,100,100,100,100,100,100,100,100,100,100,100,100,0,986,2022-08-01
213,019-0465,3,3.1,2020-08-14,0,0,3,0.7575757575757576,20,8,10,0.0,100,100,100,100,100,100,100,100,100,100,100,100,100,100,100,100,100,100,100,0,29,2020-09-12
214,019-0465,3,3.11,2021-05-28,0,0,2,0.7575757575757576,20,8,10,0.0,100,100,100,100,100,100,100,100,100,100,100,100,100,100,100,100,100,100,100,0,227,2022-01-10
215,019-0465,3,3.13,2021-01-15,2,0,1,0.7575757575757576,20,8,10,0.0,100,100,100,100,100,100,100,100,100,100,100,100,100,100,100,100,100,100,100,0,117,2021-05-12
216,019-0465,3,3.15,2021-02-04,0,0,2,0.7575757575757576,20,8,10,0.0,100,100,100,100,100,100,100,100,100,100,100,100,100,100,100,100,100,100,100,0,517,2022-07-06
217,019-0465,3,3.3,2020-03-25,0,0,2,0.7575757575757576,20,8,10,0.0,100,100,100,100,100,100,100,100,100,100,100,100,100,100,100,100,100,100,100,0,53,2020-05-17
218,019-0465,3,3.8,2021-07-30,0,0,3,0.7575757575757576,20,8,10,0.0,100,100,100,100,100,100,100,100,100,100,100,100,100,100,100,100,100,100,100,0,19,2021-08-18
219,019-0465,3,4,2020-08-25,0,0,3,0.7575757575757576,20,8,10,0.0,100,100,100,100,100,100,100,100,100,100,100,100,100,100,100,100,100,100,100,0,788,2022-10-22
220,019-0465,3,4.1.1,2021-03-13,0,0,2,0.7575757575757576,20,8,10,0.0,100,100,100,100,100,100,100,100,100,100,100,100,100,100,100,100,100,100,100,0,16,2021-03-29
221,019-0465,3,4.10,2022-06-20,0,0,2,0.7575757575757576,20,8,10,0.0,100,100,100,100,100,100,100,100,100,100,100,100,100,100,100,100,100,100,100,0,100,2022-09-28
222,019-0465,3,4.11,2021-09-29,0,0,4,0.7575757575757576,20,8,10,0.0,100,100,100,100,100,100,100,100,100,100,100,100,100,100,100,100,100,100,100,0,341,2022-09-05
223,019-0465,3,4.12,2022-01-11,0,0,1,0.7575757575757576,20,8,10,0.0,100,100,100,100,100,100,100,100,100,100,100,100,100,100,100,100,100,100,100,0,214,2022-08-13
224,019-0465,3,4.2,2020-08-25,0,0,3,0.7575757575757576,20,8,10,0.0,100,100,100,100,100,100,100,100,100,100,100,100,100,100,100,100,100,100,100,0,286,2021-06-07
225,019-0465,3,4.3,2020-12-20,0,0,1,0.7575757575757576,20,8,10,0.0,100,100,100,100,100,100,100,100,100,100,100,100,100,100,100,100,100,100,100,0,326,2021-11-11
226,019-0465,3,4.4,2021-01-24,0,0,1,0.7575757575757576,20,8,10,0.0,100,100,100,100,100,100,100,100,100,100,100,100,100,100,100,100,100,100,100,0,242,2021-09-23
227,019-0465,3,4.5,2021-11-29,0,0,4,0.7575757575757576,20,8,10,0.0,100,100,100,100,100,100,100,100,100,100,100,100,100,100,100,100,100,100,100,0,138,2022-04-16
228,019-0465,3,4.6,2021-11-26,0,0,4,0.7575757575757576,20,8,10,0.0,100,100,100,100,100,100,100,100,100,100,100,100,100,100,100,100,100,100,100,0,255,2022-08-08
229,019-0465,3,4.7,2021-10-24,0,0,4,0.7575757575757576,20,8,10,0.0,100,100,100,100,100,100,100,100,100,100,100,100,100,100,100,100,100,100,100,0,334,2022-09-23
230,019-0465,3,4.8,2022-06-21,0,0,2,0.7575757575757576,20,8,10,0.0,100,100,100,100,100,100,100,100,100,100,100,100,100,100,100,100,100,100,100,0,99,2022-09-28
231,019-0465,3,4.9,2021-06-01,0,0,2,0.7575757575757576,20,8,10,0.0,100,100,100,100,100,100,100,100,100,100,100,100,100,100,100,100,100,100,100,0,435,2022-08-10
232,019-0465,3,5,2021-11-01,0,0,4,0.7575757575757576,20,8,10,0.0,100,100,100,100,100,100,100,100,100,100,100,100,100,100,100,100,100,100,100,0,317,2022-09-14
233,019-0465,3,5.11,2022-08-11,0,0,3,0.7575757575757576,20,8,10,0.0,100,100,100,100,100,100,100,100,100,100,100,100,100,100,100,100,100,100,100,0,0,2022-08-11
234,019-0465,3,7.1,2022-06-03,0,0,2,0.7575757575757576,20,8,10,0.0,100,100,100,100,100,100,100,100,100,100,100,100,100,100,100,100,100,100,100,0,91,2022-09-02
235,019-0465,3,7.1.8,2022-08-29,0,0,3,0.7575757575757576,20,8,10,0.0,100,100,100,100,100,100,100,100,100,100,100,100,100,100,100,100,100,100,100,0,3,2022-09-01
236,019-0465,3,7.4,2022-08-30,0,0,3,0.7575757575757576,20,8,10,0.0,100,100,100,100,100,100,100,100,100,100,100,100,100,100,100,100,100,100,100,0,3,2022-09-02
237,019-0466,3,1,2020-03-17,0,0,2,0.7575757575757576,17,1,10,0.0,100,100,100,100,100,100,100,100,100,100,100,100,100,100,100,100,100,100,100,0,521,2021-08-20
238,019-0466,3,3,2019-08-05,0,0,3,0.7575757575757576,17,1,10,0.0,100,100,100,100,100,100,100,100,100,100,100,100,100,100,100,100,100,100,100,0,1079,2022-07-19
239,019-0466,3,3.1,2019-12-20,0,0,1,0.7575757575757576,17,1,10,0.0,100,100,100,100,100,100,100,100,100,100,100,100,100,100,100,100,100,100,100,0,80,2020-03-09
240,019-0466,3,3.11,2020-08-20,0,0,3,0.7575757575757576,17,1,10,0.0,100,100,100,100,100,100,100,100,100,100,100,100,100,100,100,100,100,100,100,0,224,2021-04-01
241,019-0466,3,3.13,2020-01-31,1,0,1,0.7575757575757576,17,1,10,0.0,100,100,100,100,100,100,100,100,100,100,100,100,100,100,100,100,100,100,100,0,123,2020-06-02
242,019-0466,3,3.15,2020-11-01,0,0,4,0.7575757575757576,17,1,10,0.0,100,100,100,100,100,100,100,100,100,100,100,100,100,100,100,100,100,100,100,0,578,2022-06-02
243,019-0466,3,3.3,2019-12-20,0,0,1,0.7575757575757576,17,1,10,0.0,100,100,100,100,100,100,100,100,100,100,100,100,100,100,100,100,100,100,100,0,105,2020-04-03
244,019-0466,3,3.8,2021-06-30,0,0,2,0.7575757575757576,17,1,10,0.0,100,100,100,100,100,100,100,100,100,100,100,100,100,100,100,100,100,100,100,0,1,2021-07-01
245,019-0466,3,4,2019-12-03,0,0,1,0.7575757575757576,17,1,10,0.0,100,100,100,100,100,100,100,100,100,100,100,100,100,100,100,100,100,100,100,0,962,2022-07-22
246,019-0466,3,4.1.1,2021-04-01,0,0,2,0.7575757575757576,17,1,10,0.0,100,100,100,100,100,100,100,100,100,100,100,100,100,100,100,100,100,100,100,0,12,2021-04-13
247,019-0466,3,4.10,2022-03-28,0,0,2,0.7575757575757576,17,1,10,0.0,100,100,100,100,100,100,100,100,100,100,100,100,100,100,100,100,100,100,100,0,136,2022-08-11
248,019-0466,3,4.11,2021-07-26,0,0,3,0.7575757575757576,17,1,10,0.0,100,100,100,100,100,100,100,100,100,100,100,100,100,100,100,100,100,100,100,0,322,2022-06-13
249,019-0466,3,4.12,2021-11-01,0,0,4,0.7575757575757576,17,1,10,0.0,100,100,100,100,100,100,100,100,100,100,100,100,100,100,100,100,100,100,100,0,269,2022-07-28
250,019-0466,3,4.2,2020-07-28,0,0,3,0.7575757575757576,17,1,10,0.0,100,100,100,100,100,100,100,100,100,100,100,100,100,100,100,100,100,100,100,0,276,2021-04-30
251,019-0466,3,4.3,2020-07-28,0,0,3,0.7575757575757576,17,1,10,0.0,100,100,100,100,100,100,100,100,100,100,100,100,100,100,100,100,100,100,100,0,312,2021-06-05
252,019-0466,3,4.4,2021-02-01,0,0,2,0.7575757575757576,17,1,10,0.0,100,100,100,100,100,100,100,100,100,100,100,100,100,100,100,100,100,100,100,0,229,2021-09-18
253,019-0466,3,4.5,2021-10-11,0,0,4,0.7575757575757576,17,1,10,0.0,100,100,100,100,100,100,100,100,100,100,100,100,100,100,100,100,100,100,100,0,157,2022-03-17
254,019-0466,3,4.6,2021-10-14,0,0,4,0.7575757575757576,17,1,10,0.0,100,100,100,100,100,100,100,100,100,100,100,100,100,100,100,100,100,100,100,0,280,2022-07-21
255,019-0466,3,4.7,2021-08-16,0,0,3,0.7575757575757576,17,1,10,0.0,100,100,100,100,100,100,100,100,100,100,100,100,100,100,100,100,100,100,100,0,333,2022-07-15
256,019-0466,3,4.8,2022-06-20,0,0,2,0.7575757575757576,17,1,10,0.0,100,100,100,100,100,100,100,100,100,100,100,100,100,100,100,100,100,100,100,0,95,2022-09-23
257,019-0466,3,4.9,2021-07-05,0,0,3,0.7575757575757576,17,1,10,0.0,100,100,100,100,100,100,100,100,100,100,100,100,100,100,100,100,100,100,100,0,406,2022-08-15
258,019-0466,3,5,2021-12-30,0,0,1,0.75,17,1,10,0.0,99,99,99,99,99,99,99,99,99,99,99,99,99,99,99,99,99,99,99,0,443,2023-03-18
259,019-0466,3,5.11,2022-08-12,0,0,3,0.7575757575757576,17,1,10,0.0,100,100,100,100,100,100,100,100,100,100,100,100,100,100,100,100,100,100,100,0,0,2022-08-12
260,019-0466,3,7.1,2022-06-08,0,0,2,0.7575757575757576,17,1,10,0.0,100,100,100,100,100,100,100,100,100,100,100,100,100,100,100,100,100,100,100,0,78,2022-08-25
261,019-0466,3,7.1.8,2022-07-21,0,0,3,0.7575757575757576,17,1,10,0.0,100,100,100,100,100,100,100,100,100,100,100,100,100,100,100,100,100,100,100,0,29,2022-08-19
262,019-0466,3,7.4,2022-08-19,0,0,3,0.7575757575757576,17,1,10,0.0,100,100,100,100,100,100,100,100,100,100,100,100,100,100,100,100,100,100,100,0,0,2022-08-19
263,019-0466,3,8,2022-08-30,0,0,3,0.0,17,1,10,5270.32,0,0,0,0,0,0,0,0,0,0,0,0,0,0,0,0,0,0,0,0,209,2023-03-27
264,019-0467,3,1,2019-07-31,0,0,3,0.7575757575757576,61,8,10,0.0,100,100,100,100,100,100,100,100,100,100,100,100,100,100,100,100,100,100,100,0,857,2021-12-04
265,019-0467,3,3,2019-11-19,0,0,4,0.7575757575757576,61,8,10,0.0,100,100,100,100,100,100,100,100,100,100,100,100,100,100,100,100,100,100,100,0,1013,2022-08-28
266,019-0467,3,3.1,2019-11-19,0,0,4,0.7575757575757576,61,8,10,0.0,100,100,100,100,100,100,100,100,100,100,100,100,100,100,100,100,100,100,100,0,104,2020-03-02
267,019-0467,3,3.11,2019-11-19,0,0,4,0.7575757575757576,61,8,10,0.0,100,100,100,100,100,100,100,100,100,100,100,100,100,100,100,100,100,100,100,0,431,2021-01-23
268,019-0467,3,3.13,2020-10-29,2,0,2,0.7575757575757576,61,8,10,0.0,100,100,100,100,100,100,100,100,100,100,100,100,100,100,100,100,100,100,100,0,115,2021-02-21
269,019-0467,3,3.15,2020-07-30,0,0,3,0.7575757575757576,61,8,10,0.0,100,100,100,100,100,100,100,100,100,100,100,100,100,100,100,100,100,100,100,0,612,2022-04-03
270,019-0467,3,3.3,2020-11-22,0,0,4,0.7575757575757576,61,8,10,0.0,100,100,100,100,100,100,100,100,100,100,100,100,100,100,100,100,100,100,100,0,126,2021-03-28
271,019-0467,3,3.8,2021-09-30,0,0,4,0.7575757575757576,61,8,10,0.0,100,100,100,100,100,100,100,100,100,100,100,100,100,100,100,100,100,100,100,0,28,2021-10-28
272,019-0467,3,4,2021-01-11,0,0,4,0.7575757575757576,61,8,10,0.0,99,99,99,99,99,99,99,99,99,99,99,99,100,100,100,100,100,100,100,0,935,2023-08-04
273,019-0467,3,4.1.1,2021-03-26,0,0,2,0.7575757575757576,61,8,10,0.0,100,100,100,100,100,100,100,100,100,100,100,100,100,100,100,100,100,100,100,0,28,2021-04-23
274,019-0467,3,4.10,2022-10-17,0,0,4,0.7575757575757576,61,8,10,0.0,100,100,100,100,100,100,100,100,100,100,100,100,100,100,100,100,100,100,100,0,68,2022-12-24
275,019-0467,3,4.11,2021-09-23,0,0,4,0.7575757575757576,61,8,10,0.0,100,100,100,100,100,100,100,100,100,100,100,100,100,100,100,100,100,100,100,0,362,2022-09-20
276,019-0467,3,4.12,2022-07-20,0,0,3,0.7575757575757576,61,8,10,0.0,95,96,97,97,97,97,96,96,96,96,96,96,100,100,100,100,100,100,100,0,264,2023-04-10
277,019-0467,3,4.2,2021-01-11,0,0,1,0.7575757575757576,61,8,10,0.0,100,100,100,100,100,100,100,100,100,100,100,100,100,100,100,100,100,100,100,0,213,2021-08-12
278,019-0467,3,4.3,2021-07-05,0,0,3,0.7575757575757576,61,8,10,0.0,100,100,100,100,100,100,100,100,100,100,100,100,100,100,100,100,100,100,100,0,307,2022-05-08
279,019-0467,3,4.4,2021-07-21,0,0,3,0.7575757575757576,61,8,10,0.0,100,100,100,100,100,100,100,100,100,100,100,100,100,100,100,100,100,100,100,0,279,2022-04-26
280,019-0467,3,4.5,2022-04-22,0,0,2,0.7575757575757576,61,8,10,0.0,100,100,100,100,100,100,100,100,100,100,100,100,100,100,100,100,100,100,100,0,131,2022-08-31
281,019-0467,3,4.6,2021-12-06,0,0,1,0.7575757575757576,61,8,10,0.0,100,100,100,100,100,100,100,100,100,100,100,100,100,100,100,100,100,100,100,0,242,2022-08-05
282,019-0467,3,4.7,2022-01-15,0,0,1,0.7575757575757576,61,8,10,0.0,100,100,100,100,100,100,100,100,100,100,100,100,100,100,100,100,100,100,100,0,291,2022-11-02
283,019-0467,3,4.8,2022-07-15,0,0,3,0.7575757575757576,61,8,10,0.0,80,83,90,92,92,92,99,99,100,100,100,100,100,100,100,100,100,100,100,0,235,2023-03-07
284,019-0467,3,4.9,2021-10-18,0,0,4,0.7575757575757576,61,8,10,0.0,100,100,100,100,100,100,100,100,100,100,100,100,100,100,100,100,100,100,100,0,431,2022-12-23
285,019-0467,3,5,2021-11-30,0,0,4,1.3636363636363635,61,8,10,0.0,56,60,66,66,75,75,74,75,74,74,73,73,73,73,73,73,73,73,72,0,529,2023-05-13
286,019-0467,3,5.11,2022-12-26,0,0,1,0.7575757575757576,61,8,10,0.0,100,100,100,100,100,100,100,100,100,100,100,100,100,100,100,100,100,100,100,0,0,2022-12-26
287,019-0467,3,7.1,2023-02-03,0,0,1,0.7575757575757576,61,8,10,0.0,0,0,2,2,74,65,65,78,77,80,97,98,98,99,100,100,100,100,100,0,103,2023-05-17
288,019-0467,3,7.1.8,2023-02-16,0,0,2,0.7575757575757576,61,8,10,0.0,0,0,0,0,0,0,0,0,0,0,0,0,0,100,100,100,100,100,100,0,0,2023-02-16
289,019-0467,3,7.4,2023-02-17,0,0,2,0.7575757575757576,61,8,10,0.0,0,0,0,0,77,61,61,61,69,67,65,65,65,100,100,100,100,100,100,0,47,2023-04-05
290,019-0467,3,8,2023-03-01,0,0,2,0.0,61,8,10,11215.0,0,0,0,0,0,0,0,0,0,0,0,0,0,0,0,0,0,0,0,0,216,2023-10-03
291,019-0469,3,1,2019-07-31,0,0,3,0.7575757575757576,113,1,20,0.0,100,100,100,100,100,100,100,100,100,100,100,100,100,100,100,100,100,100,100,0,704,2021-07-04
292,019-0469,3,3,2019-09-16,0,0,4,0.75,113,1,20,0.0,99,99,99,99,99,99,99,99,99,99,99,99,99,99,99,99,99,99,99,0,1379,2023-06-26
293,019-0469,3,3.1,2020-04-30,0,0,2,0.7575757575757576,113,1,20,0.0,100,100,100,100,100,100,100,100,100,100,100,100,100,100,100,100,100,100,100,0,35,2020-06-04
294,019-0469,3,3.11,2019-10-18,0,0,4,0.7575757575757576,113,1,20,0.0,100,100,100,100,100,100,100,100,100,100,100,100,100,100,100,100,100,100,100,0,423,2020-12-14
295,019-0469,3,3.13,2023-02-01,1,0,4,0.7575757575757576,113,1,20,0.0,0,0,0,0,0,0,0,0,0,0,0,0,0,1,1,1,1,1,1,0,73,2023-04-15
296,019-0469,3,3.15,2020-10-15,0,0,4,0.7575757575757576,113,1,20,0.0,99,99,99,99,99,99,99,99,99,99,99,99,99,99,99,100,100,100,100,0,922,2023-04-25
297,019-0469,3,3.3,2019-12-27,0,0,1,0.7575757575757576,113,1,20,0.0,100,100,100,100,100,100,100,100,100,100,100,100,100,100,100,100,100,100,100,0,62,2020-02-27
298,019-0469,3,3.8,2021-07-01,0,0,3,0.7575757575757576,113,1,20,0.0,100,100,100,100,100,100,100,100,100,100,100,100,100,100,100,100,100,100,100,0,52,2021-08-22
299,019-0469,3,4,2020-09-01,0,0,4,0.6742424242424242,113,1,20,0.0,76,77,78,79,80,80,80,80,82,83,84,85,85,86,87,88,88,89,89,0,1102,2023-09-08
300,019-0469,3,4.1.1,2021-09-17,0,0,4,0.7575757575757576,113,1,20,0.0,100,100,100,100,100,100,100,100,100,100,100,100,100,100,100,100,100,100,100,0,46,2021-11-02
301,019-0469,3,4.10,2023-02-01,0,0,2,0.0,113,1,20,0.0,0,0,0,0,0,0,0,0,0,0,0,0,0,0,0,0,0,0,0,0,65,2023-04-07
302,019-0469,3,4.11,2021-12-01,0,0,1,0.5984848484848485,113,1,20,0.0,55,55,57,68,69,69,70,69,71,72,73,74,75,75,75,76,79,79,79,0,581,2023-07-05
303,019-0469,3,4.12,2023-04-24,0,0,2,0.0,113,1,20,0.0,0,0,0,0,0,0,0,0,0,0,0,0,0,0,0,0,0,0,0,0,60,2023-06-23
304,019-0469,3,4.2,2020-09-01,0,0,4,0.7575757575757576,113,1,20,0.0,100,100,100,100,100,100,100,100,100,100,100,100,100,100,100,100,100,100,100,0,340,2021-08-07
305,019-0469,3,4.3,2020-12-10,0,0,1,0.7575757575757576,113,1,20,0.0,100,100,100,100,100,100,100,100,100,100,100,100,100,100,100,100,100,100,100,0,341,2021-11-16
306,019-0469,3,4.4,2021-04-14,0,0,2,0.7575757575757576,113,1,20,0.0,100,100,100,100,100,100,100,100,100,100,100,100,100,100,100,100,100,100,100,0,316,2022-02-24
307,019-0469,3,4.5,2022-02-01,0,0,2,0.7575757575757576,113,1,20,0.0,100,100,100,100,100,100,100,100,100,100,100,100,100,100,100,100,100,100,100,0,176,2022-07-27
308,019-0469,3,4.6,2022-02-01,0,0,2,1.2857142857142858,148,1,20,0.0,92,94,95,96,96,96,96,75,97,97,97,98,98,98,99,99,99,99,99,0,472,2023-05-19
309,019-0469,3,4.7,2021-12-12,0,0,1,0.6515151515151515,113,1,20,0.0,74,74,75,76,77,77,77,78,79,80,81,82,83,84,84,85,86,86,86,0,557,2023-06-22
310,019-0469,3,4.8,2023-04-01,0,0,2,0.0,113,1,20,0.0,0,0,0,0,0,0,0,0,0,0,0,0,0,0,0,0,0,0,0,0,71,2023-06-11
311,019-0469,3,4.9,2021-09-09,0,0,4,0.746031746031746,113,1,20,0.0,84,83,84,84,84,84,84,87,88,89,90,91,92,92,93,93,94,94,94,0,673,2023-07-14
312,019-0469,3,5,2020-02-25,0,0,2,0.2424242424242424,113,1,20,0.0,0,23,26,27,28,28,28,28,28,29,29,29,29,28,29,29,32,32,32,0,1188,2023-05-28
313,019-0469,3,5.11,2023-08-16,0,0,3,0.0,113,1,20,0.0,0,0,0,0,0,0,0,0,0,0,0,0,0,0,0,0,0,0,0,0,0,2023-08-16
314,019-0469,3,7.1,2023-07-31,0,0,3,0.0,113,1,20,0.0,0,0,0,0,0,0,0,0,0,0,0,0,0,0,0,0,0,0,0,0,23,2023-08-23
315,019-0469,3,7.1.8,2023-08-11,0,0,3,0.0,113,1,20,0.0,0,0,0,0,0,0,0,0,0,0,0,0,0,0,0,0,0,0,0,0,0,2023-08-11
316,019-0469,3,7.4,2023-08-14,0,0,3,0.0,113,1,20,0.0,0,0,0,0,0,0,0,0,0,0,0,0,0,0,0,0,0,0,0,0,2,2023-08-16
317,019-0469,3,8,2023-08-24,0,0,3,0.0,113,1,20,9411.0,0,0,0,0,0,0,0,0,0,0,0,0,0,0,0,0,0,0,0,0,220,2024-03-31
318,019-0470,3,1,2020-04-28,0,0,2,0.7575757575757576,112,21,18,0.0,100,100,100,100,100,100,100,100,100,100,100,100,100,100,100,100,100,100,100,0,559,2021-11-08
319,019-0470,3,1.4.2,2021-04-10,0,0,2,0.7575757575757576,112,21,18,0.0,100,100,100,100,100,100,100,100,100,100,100,100,100,100,100,100,100,100,100,0,193,2021-10-20
320,019-0470,3,3,2019-10-22,0,0,4,0.7575757575757576,112,21,18,0.0,100,100,100,100,100,100,100,100,100,100,100,100,100,100,100,100,100,100,100,0,1057,2022-09-13
321,019-0470,3,3.1,2020-09-23,0,0,4,0.7575757575757576,112,21,18,0.0,100,100,100,100,100,100,100,100,100,100,100,100,100,100,100,100,100,100,100,0,123,2021-01-24
322,019-0470,3,3.11,2019-10-28,0,0,4,0.7575757575757576,112,21,18,0.0,100,100,100,100,100,100,100,100,100,100,100,100,100,100,100,100,100,100,100,0,398,2020-11-29
323,019-0470,3,3.13,2022-07-14,2,0,3,0.7575757575757576,112,21,18,0.0,100,100,100,100,100,100,100,100,100,100,100,100,100,100,100,100,100,100,100,0,131,2022-11-22
324,019-0470,3,3.15,2021-03-12,0,0,2,0.7575757575757576,112,21,18,0.0,100,100,100,100,100,100,100,100,100,100,100,100,100,100,100,100,100,100,100,0,498,2022-07-23
325,019-0470,3,3.3,2020-03-20,0,0,2,0.7575757575757576,112,21,18,0.0,100,100,100,100,100,100,100,100,100,100,100,100,100,100,100,100,100,100,100,0,53,2020-05-12
326,019-0470,3,3.8,2021-08-30,0,0,3,0.7575757575757576,112,21,18,0.0,100,100,100,100,100,100,100,100,100,100,100,100,100,100,100,100,100,100,100,0,54,2021-10-23
327,019-0470,3,4,2020-08-12,0,0,3,0.7575757575757576,112,21,18,0.0,100,100,100,100,100,100,100,100,100,100,100,100,100,100,100,100,100,100,100,0,826,2022-11-16
328,019-0470,3,4.1.1,2021-11-24,0,0,4,0.7575757575757576,112,21,18,0.0,100,100,100,100,100,100,100,100,100,100,100,100,100,100,100,100,100,100,100,0,95,2022-02-27
329,019-0470,3,4.10,2022-05-25,0,0,2,0.7575757575757576,112,21,18,0.0,100,100,100,100,100,100,100,100,100,100,100,100,100,100,100,100,100,100,100,0,168,2022-11-09
330,019-0470,3,4.11,2021-10-01,0,0,4,0.7575757575757576,112,21,18,0.0,100,100,100,100,100,100,100,100,100,100,100,100,100,100,100,100,100,100,100,0,363,2022-09-29
331,019-0470,3,4.12,2022-05-05,0,0,2,0.7575757575757576,112,21,18,0.0,100,100,100,100,100,100,100,100,100,100,100,100,100,100,100,100,100,100,100,0,214,2022-12-05
332,019-0470,3,4.2,2020-08-12,0,0,3,0.7575757575757576,112,21,18,0.0,100,100,100,100,100,100,100,100,100,100,100,100,100,100,100,100,100,100,100,0,268,2021-05-07
333,019-0470,3,4.3,2021-02-10,0,0,2,0.7575757575757576,112,21,18,0.0,100,100,100,100,100,100,100,100,100,100,100,100,100,100,100,100,100,100,100,0,319,2021-12-26
334,019-0470,3,4.4,2021-04-20,0,0,2,0.7575757575757576,112,21,18,0.0,100,100,100,100,100,100,100,100,100,100,100,100,100,100,100,100,100,100,100,0,298,2022-02-12
335,019-0470,3,4.5,2022-03-11,0,0,2,0.7575757575757576,112,21,18,0.0,100,100,100,100,100,100,100,100,100,100,100,100,100,100,100,100,100,100,100,0,169,2022-08-27
336,019-0470,3,4.6,2022-01-18,0,0,1,0.7575757575757576,112,21,18,0.0,100,100,100,100,100,100,100,100,100,100,100,100,100,100,100,100,100,100,100,0,277,2022-10-22
337,019-0470,3,4.7,2021-09-01,0,0,4,0.7575757575757576,112,21,18,0.0,100,100,100,100,100,100,100,100,100,100,100,100,100,100,100,100,100,100,100,0,382,2022-09-18
338,019-0470,3,4.8,2022-03-01,0,0,2,0.7575757575757576,112,21,18,0.0,100,100,100,100,100,100,100,100,100,100,100,100,100,100,100,100,100,100,100,0,203,2022-09-20
339,019-0470,3,4.9,2021-08-01,0,0,3,0.7575757575757576,112,21,18,0.0,100,100,100,100,100,100,100,100,100,100,100,100,100,100,100,100,100,100,100,0,483,2022-11-27
340,019-0470,3,5,2022-06-06,0,0,2,0.75,112,21,18,0.0,93,99,99,99,99,99,99,99,99,99,99,99,99,99,99,99,99,99,99,0,277,2023-03-10
341,019-0470,3,5.11,2022-12-19,0,0,1,0.7575757575757576,112,21,18,0.0,90,100,100,100,100,100,100,100,100,100,100,100,100,100,100,100,100,100,100,0,35,2023-01-23
342,019-0470,3,7.1,2022-11-21,0,0,4,0.7575757575757576,112,21,18,0.0,98,99,100,100,100,100,100,100,100,100,100,100,100,100,100,100,100,100,100,0,69,2023-01-29
343,019-0470,3,7.1.8,2022-12-27,0,0,1,0.7575757575757576,112,21,18,0.0,90,100,100,100,100,100,100,100,100,100,100,100,100,100,100,100,100,100,100,0,20,2023-01-16
344,019-0470,3,7.4,2023-01-16,0,0,1,0.7575757575757576,112,21,18,0.0,0,0,100,100,100,100,100,100,100,100,100,100,100,100,100,100,100,100,100,0,6,2023-01-22
345,019-0470,3,8,2023-01-24,0,0,1,0.0,112,21,18,15050.0,0,0,0,0,0,0,0,0,0,0,0,0,0,0,0,0,0,0,0,0,210,2023-08-22
346,019-0471,3,1,2019-07-31,0,0,3,0.7575757575757576,342,8,20,0.0,100,100,100,100,100,100,100,100,100,100,100,100,100,100,100,100,100,100,100,0,420,2020-09-23
347,019-0471,3,3,2019-09-22,0,0,4,1.7678571428571428,322,8,20,0.0,98,98,98,98,98,98,98,98,98,98,97,98,98,98,99,99,99,99,99,0,1365,2023-06-18
348,019-0471,3,3.1,2019-09-22,0,0,4,0.7575757575757576,342,8,20,0.0,100,100,100,100,100,100,100,100,100,100,100,100,100,100,100,100,100,100,100,0,34,2019-10-26
349,019-0471,3,3.11,2019-11-20,0,0,4,0.7575757575757576,342,8,20,0.0,100,100,100,100,100,100,100,100,100,100,100,100,100,100,100,100,100,100,100,0,488,2021-03-22
350,019-0471,3,3.13,2023-01-16,0,0,4,0.7575757575757576,342,8,20,0.0,0,0,7,7,17,17,17,17,22,22,22,22,22,22,22,22,22,22,21,0,135,2023-05-31
351,019-0471,3,3.15,2020-09-01,0,0,4,0.7575757575757576,342,8,20,0.0,98,98,98,98,98,98,98,98,98,98,98,98,98,98,100,100,100,100,100,0,955,2023-04-14
352,019-0471,3,3.3,2019-11-20,0,0,4,0.7575757575757576,342,8,20,0.0,100,100,100,100,100,100,100,100,100,100,100,100,100,100,100,100,100,100,100,0,34,2019-12-24
353,019-0471,3,3.8,2021-12-17,0,0,1,0.7575757575757576,342,8,20,0.0,100,100,100,100,100,100,100,100,100,100,100,100,100,100,100,100,100,100,100,0,107,2022-04-03
354,019-0471,3,4,2020-09-01,0,0,3,0.75,342,8,20,0.0,74,83,84,84,84,84,84,84,84,89,89,91,91,94,97,97,98,98,99,0,1036,2023-07-04
355,019-0471,3,4.1.1,2021-09-07,0,0,4,0.7575757575757576,342,8,20,0.0,100,100,100,100,100,100,100,100,100,100,100,100,100,100,100,100,100,100,100,0,25,2021-10-02
356,019-0471,3,4.10,2022-12-16,0,0,1,0.7045454545454546,342,8,20,0.0,34,45,45,45,45,45,53,53,53,66,66,67,72,77,79,81,89,90,93,0,185,2023-06-19
357,019-0471,3,4.11,2021-12-15,0,0,1,1.020408163265306,327,8,20,0.0,99,99,99,99,98,98,98,98,98,98,98,98,98,98,98,100,100,100,100,0,529,2023-05-28
358,019-0471,3,4.12,2022-10-16,0,0,4,0.5606060606060606,342,8,20,0.0,18,25,25,25,25,25,30,30,30,33,33,44,44,47,53,63,67,69,74,0,239,2023-06-12
359,019-0471,3,4.2,2020-09-01,0,0,4,0.7575757575757576,342,8,20,0.0,100,100,100,100,100,100,100,100,100,100,100,100,100,100,100,100,100,100,100,0,328,2021-07-26
360,019-0471,3,4.3,2020-12-10,0,0,1,0.7575757575757576,342,8,20,0.0,100,100,100,100,100,100,100,100,100,100,100,100,100,100,100,100,100,100,100,0,339,2021-11-14
361,019-0471,3,4.4,2021-04-06,0,0,2,0.7575757575757576,342,8,20,0.0,100,100,100,100,100,100,100,100,100,100,100,100,100,100,100,100,100,100,100,0,300,2022-01-31
362,019-0471,3,4.5,2022-06-04,0,0,2,0.7575757575757576,342,8,20,0.0,100,100,100,100,100,100,100,100,100,100,100,100,100,100,100,100,100,100,100,0,132,2022-10-14
363,019-0471,3,4.6,2022-07-18,0,0,3,0.7575757575757576,342,8,20,0.0,72,91,91,91,94,94,94,94,94,96,97,96,96,100,100,100,100,100,100,0,272,2023-04-16
364,019-0471,3,4.7,2022-04-11,0,0,2,0.75,342,8,20,0.0,70,85,87,87,87,87,87,87,87,88,89,91,91,96,98,99,99,99,99,0,427,2023-06-12
365,019-0471,3,4.8,2023-04-16,0,0,2,0.744,342,8,20,0.0,0,0,0,0,0,0,0,0,0,0,0,0,40,47,85,82,83,93,92,0,80,2023-07-05
366,019-0471,3,4.9,2021-09-16,0,0,4,0.7575757575757576,342,8,20,0.0,72,79,80,80,80,80,80,80,80,95,96,97,97,98,99,99,99,100,100,0,647,2023-06-25
367,019-0471,3,5,2022-03-20,0,0,2,0.488,342,8,20,0.0,7,8,40,39,32,32,28,28,35,38,37,37,37,48,48,40,61,61,58,0,505,2023-08-07
368,019-0471,3,5.11,2023-05-16,0,0,2,0.0,342,8,20,0.0,0,0,0,0,0,0,0,0,0,0,0,0,0,0,0,0,0,0,0,0,0,2023-05-16
369,019-0471,3,7.1,2023-05-25,0,0,2,0.0,342,8,20,0.0,0,0,0,0,0,0,0,0,0,0,0,0,0,0,0,0,0,0,0,0,24,2023-06-18
370,019-0471,3,7.1.8,2023-06-23,0,0,2,0.0,342,8,20,0.0,0,0,0,0,0,0,0,0,0,0,0,0,0,0,0,0,0,0,0,0,0,2023-06-23
371,019-0471,3,7.4,2023-06-26,0,0,2,0.0,342,8,20,0.0,0,0,0,0,0,0,0,0,0,0,0,0,0,0,0,0,0,0,0,0,2,2023-06-28
372,019-0471,3,8,2023-07-03,0,0,3,0.0,342,8,20,11500.0,0,0,0,0,0,0,0,0,0,0,0,0,0,0,0,0,0,0,0,0,221,2024-02-09
373,019-0472,3,1,2019-07-31,0,0,3,0.7575757575757576,9,11,15,0.0,100,100,100,100,100,100,100,100,100,100,100,100,100,100,100,100,100,100,100,0,784,2021-09-22
374,019-0472,3,3,2019-12-16,0,0,1,0.7575757575757576,9,11,15,0.0,100,100,100,100,100,100,100,100,100,100,100,100,100,100,100,100,100,100,100,0,947,2022-07-20
375,019-0472,3,3.1,2020-03-18,0,0,2,0.7575757575757576,9,11,15,0.0,100,100,100,100,100,100,100,100,100,100,100,100,100,100,100,100,100,100,100,0,23,2020-04-10
376,019-0472,3,3.11,2020-01-30,0,0,1,0.7575757575757576,9,11,15,0.0,100,100,100,100,100,100,100,100,100,100,100,100,100,100,100,100,100,100,100,0,271,2020-10-27
377,019-0472,3,3.13,2020-11-09,2,0,2,0.7575757575757576,9,11,15,0.0,100,100,100,100,100,100,100,100,100,100,100,100,100,100,100,100,100,100,100,0,80,2021-01-28
378,019-0472,3,3.15,2020-04-22,0,0,2,0.7575757575757576,9,11,15,0.0,100,100,100,100,100,100,100,100,100,100,100,100,100,100,100,100,100,100,100,0,595,2021-12-08
379,019-0472,3,3.3,2020-01-29,0,0,1,0.7575757575757576,9,11,15,0.0,100,100,100,100,100,100,100,100,100,100,100,100,100,100,100,100,100,100,100,0,8,2020-02-06
380,019-0472,3,3.8,2020-09-30,0,0,4,0.7575757575757576,9,11,15,0.0,100,100,100,100,100,100,100,100,100,100,100,100,100,100,100,100,100,100,100,0,60,2020-11-29
381,019-0472,3,4,2019-09-16,0,0,4,0.7575757575757576,9,11,15,0.0,100,100,100,100,100,100,100,100,100,100,100,100,100,100,100,100,100,100,100,0,942,2022-04-15
382,019-0472,3,4.1.1,2021-11-15,0,0,4,0.7575757575757576,9,11,15,0.0,100,100,100,100,100,100,100,100,100,100,100,100,100,100,100,100,100,100,100,0,23,2021-12-08
383,019-0472,3,4.10,2022-02-02,0,0,2,0.7575757575757576,9,11,15,0.0,100,100,100,100,100,100,100,100,100,100,100,100,100,100,100,100,100,100,100,0,148,2022-06-30
384,019-0472,3,4.11,2021-07-14,0,0,3,0.7575757575757576,9,11,15,0.0,100,100,100,100,100,100,100,100,100,100,100,100,100,100,100,100,100,100,100,0,335,2022-06-14
385,019-0472,3,4.12,2022-02-28,0,0,2,0.7575757575757576,9,11,15,0.0,100,100,100,100,100,100,100,100,100,100,100,100,100,100,100,100,100,100,100,0,185,2022-09-01
386,019-0472,3,4.2,2020-09-30,0,0,4,0.7575757575757576,9,11,15,0.0,100,100,100,100,100,100,100,100,100,100,100,100,100,100,100,100,100,100,100,0,308,2021-08-04
387,019-0472,3,4.3,2020-12-15,0,0,1,0.7575757575757576,9,11,15,0.0,100,100,100,100,100,100,100,100,100,100,100,100,100,100,100,100,100,100,100,0,276,2021-09-17
388,019-0472,3,4.4,2021-02-04,0,0,2,0.7575757575757576,9,11,15,0.0,100,100,100,100,100,100,100,100,100,100,100,100,100,100,100,100,100,100,100,0,204,2021-08-27
389,019-0472,3,4.5,2021-07-26,0,0,3,0.7575757575757576,9,11,15,0.0,100,100,100,100,100,100,100,100,100,100,100,100,100,100,100,100,100,100,100,0,161,2022-01-03
390,019-0472,3,4.6,2021-08-02,0,0,3,0.7575757575757576,9,11,15,0.0,100,100,100,100,100,100,100,100,100,100,100,100,100,100,100,100,100,100,100,0,307,2022-06-05
391,019-0472,3,4.7,2021-08-23,0,0,3,0.7575757575757576,9,11,15,0.0,100,100,100,100,100,100,100,100,100,100,100,100,100,100,100,100,100,100,100,0,347,2022-08-05
392,019-0472,3,4.8,2022-04-25,0,0,2,0.7575757575757576,9,11,15,0.0,100,100,100,100,100,100,100,100,100,100,100,100,100,100,100,100,100,100,100,0,124,2022-08-27
393,019-0472,3,4.9,2021-05-03,0,0,2,0.7575757575757576,9,11,15,0.0,100,100,100,100,100,100,100,100,100,100,100,100,100,100,100,100,100,100,100,0,440,2022-07-17
394,019-0472,3,5,2020-02-25,0,0,2,0.75,9,11,15,0.0,99,99,99,99,99,99,99,99,99,99,99,99,99,99,99,99,99,99,99,0,898,2022-08-11
395,019-0472,3,5.11,2022-08-15,0,0,3,0.7575757575757576,9,11,15,0.0,100,100,100,100,100,100,100,100,100,100,100,100,100,100,100,100,100,100,100,0,4,2022-08-19
396,019-0472,3,7.1,2022-05-24,0,0,2,0.7575757575757576,9,11,15,0.0,100,100,100,100,100,100,100,100,100,100,100,100,100,100,100,100,100,100,100,0,91,2022-08-23
397,019-0472,3,7.1.8,2022-08-16,0,0,3,0.7575757575757576,9,11,15,0.0,100,100,100,100,100,100,100,100,100,100,100,100,100,100,100,100,100,100,100,0,15,2022-08-31
398,019-0472,3,7.4,2022-08-22,0,0,3,0.7575757575757576,9,11,15,0.0,100,100,100,100,100,100,100,100,100,100,100,100,100,100,100,100,100,100,100,0,12,2022-09-03
399,019-0472,3,8,2022-08-29,0,0,3,0.0,9,11,15,5318.0,0,0,0,0,0,0,0,0,0,0,0,0,0,0,0,0,0,0,0,0,360,2023-08-24
400,019-0473,3,1,2019-10-03,0,0,4,0.7575757575757576,0,10,14,0.0,100,100,100,100,100,100,100,100,100,100,100,100,100,100,100,100,100,100,100,0,491,2021-02-05
401,019-0473,3,3,2019-12-23,0,0,1,0.7575757575757576,0,10,14,0.0,100,100,100,100,100,100,100,100,100,100,100,100,100,100,100,100,100,100,100,0,940,2022-07-20
402,019-0473,3,3.1,2019-12-31,0,0,1,0.7575757575757576,0,10,14,0.0,100,100,100,100,100,100,100,100,100,100,100,100,100,100,100,100,100,100,100,0,90,2020-03-30
403,019-0473,3,3.11,2020-02-04,0,0,2,0.7575757575757576,0,10,14,0.0,100,100,100,100,100,100,100,100,100,100,100,100,100,100,100,100,100,100,100,0,261,2020-10-22
404,019-0473,3,3.13,2020-08-28,2,0,2,0.7575757575757576,0,10,14,0.0,100,100,100,100,100,100,100,100,100,100,100,100,100,100,100,100,100,100,100,0,124,2020-12-30
405,019-0473,3,3.15,2020-11-25,0,0,4,0.7575757575757576,0,10,14,0.0,100,100,100,100,100,100,100,100,100,100,100,100,100,100,100,100,100,100,100,0,579,2022-06-27
406,019-0473,3,3.3,2019-12-23,0,0,1,0.7575757575757576,0,10,14,0.0,100,100,100,100,100,100,100,100,100,100,100,100,100,100,100,100,100,100,100,0,73,2020-03-05
407,019-0473,3,3.8,2021-07-31,0,0,3,0.7575757575757576,0,10,14,0.0,100,100,100,100,100,100,100,100,100,100,100,100,100,100,100,100,100,100,100,0,41,2021-09-10
408,019-0473,3,4,2020-10-01,0,0,4,0.7575757575757576,0,10,14,0.0,100,100,100,100,100,100,100,100,100,100,100,100,100,100,100,100,100,100,100,0,808,2022-12-18
409,019-0473,3,4.1.1,2021-05-14,0,0,2,0.7575757575757576,0,10,14,0.0,100,100,100,100,100,100,100,100,100,100,100,100,100,100,100,100,100,100,100,0,53,2021-07-06
410,019-0473,3,4.10,2022-04-12,0,0,2,0.7575757575757576,0,10,14,0.0,100,100,100,100,100,100,100,100,100,100,100,100,100,100,100,100,100,100,100,0,155,2022-09-14
411,019-0473,3,4.11,2021-09-10,0,0,4,0.7575757575757576,0,10,14,0.0,100,100,100,100,100,100,100,100,100,100,100,100,100,100,100,100,100,100,100,0,365,2022-09-10
412,019-0473,3,4.12,2022-08-15,0,0,3,0.7575757575757576,0,10,14,0.0,100,100,100,100,100,100,100,100,100,100,100,100,100,100,100,100,100,100,100,0,129,2022-12-22
413,019-0473,3,4.2,2020-10-01,0,0,4,0.7575757575757576,0,10,14,0.0,100,100,100,100,100,100,100,100,100,100,100,100,100,100,100,100,100,100,100,0,329,2021-08-26
414,019-0473,3,4.3,2021-04-22,0,0,2,0.7575757575757576,0,10,14,0.0,100,100,100,100,100,100,100,100,100,100,100,100,100,100,100,100,100,100,100,0,255,2022-01-02
415,019-0473,3,4.4,2021-07-16,0,0,3,0.7575757575757576,0,10,14,0.0,100,100,100,100,100,100,100,100,100,100,100,100,100,100,100,100,100,100,100,0,173,2022-01-05
416,019-0473,3,4.5,2021-11-30,0,0,4,0.7575757575757576,0,10,14,0.0,100,100,100,100,100,100,100,100,100,100,100,100,100,100,100,100,100,100,100,0,141,2022-04-20
417,019-0473,3,4.6,2021-10-15,0,0,4,0.7575757575757576,0,10,14,0.0,100,100,100,100,100,100,100,100,100,100,100,100,100,100,100,100,100,100,100,0,333,2022-09-13
418,019-0473,3,4.7,2021-08-20,0,0,3,0.7575757575757576,0,10,14,0.0,100,100,100,100,100,100,100,100,100,100,100,100,100,100,100,100,100,100,100,0,372,2022-08-27
419,019-0473,3,4.8,2022-04-11,0,0,2,0.7575757575757576,0,10,14,0.0,100,100,100,100,100,100,100,100,100,100,100,100,100,100,100,100,100,100,100,0,165,2022-09-23
420,019-0473,3,4.9,2021-10-21,0,0,4,0.7575757575757576,0,10,14,0.0,100,100,100,100,100,100,100,100,100,100,100,100,100,100,100,100,100,100,100,0,401,2022-11-26
421,019-0473,3,5,2022-02-24,0,0,2,0.7575757575757576,0,10,14,0.0,100,100,100,100,100,100,100,100,100,100,100,100,100,100,100,100,100,100,100,0,233,2022-10-15
422,019-0473,3,5.11,2022-12-15,0,0,1,0.7575757575757576,0,10,14,0.0,100,100,100,100,100,100,100,100,100,100,100,100,100,100,100,100,100,100,100,0,0,2022-12-15
423,019-0473,3,7.1,2022-10-10,0,0,4,0.7575757575757576,0,10,14,0.0,100,100,100,100,100,100,100,100,100,100,100,100,100,100,100,100,100,100,100,0,63,2022-12-12
424,019-0473,3,7.1.8,2022-11-21,0,0,4,0.7575757575757576,0,10,14,0.0,100,100,100,100,100,100,100,100,100,100,100,100,100,100,100,100,100,100,100,0,19,2022-12-10
425,019-0473,3,7.4,2022-12-23,0,0,1,0.7575757575757576,0,10,14,0.0,100,100,100,100,100,100,100,100,100,100,100,100,100,100,100,100,100,100,100,0,3,2022-12-26
426,019-0473,3,8,2022-12-30,0,0,1,0.0,0,10,14,11507.82,0,0,0,0,0,0,0,0,0,0,0,0,0,0,0,0,0,0,0,0,219,2023-08-06
427,019-0474,3,1,2019-07-31,0,0,3,0.7575757575757576,281,13,17,0.0,100,100,100,100,100,100,100,100,100,100,100,100,100,100,100,100,100,100,100,0,747,2021-08-16
428,019-0474,3,1.4.2,2020-05-26,0,0,2,0.7575757575757576,281,13,17,0.0,100,100,100,100,100,100,100,100,100,100,100,100,100,100,100,100,100,100,100,0,123,2020-09-26
429,019-0474,3,3,2020-04-13,0,0,2,0.75,281,13,17,0.0,98,98,99,99,99,99,99,99,99,99,99,99,99,99,99,99,99,99,99,0,1140,2023-05-28
430,019-0474,3,3.1,2020-04-13,0,0,2,0.7575757575757576,281,13,17,0.0,100,100,100,100,100,100,100,100,100,100,100,100,100,100,100,100,100,100,100,0,62,2020-06-14
431,019-0474,3,3.11,2022-02-22,0,0,3,0.7575757575757576,281,13,17,0.0,99,99,99,99,99,99,99,99,99,99,99,99,99,99,99,100,100,100,100,0,359,2023-02-16
432,019-0474,3,3.13,2021-09-01,0,0,4,0.7575757575757576,281,13,17,0.0,100,100,100,100,100,100,100,100,100,100,100,100,100,100,100,100,100,100,100,0,210,2022-03-30
433,019-0474,3,3.15,2022-02-22,0,0,2,0.7575757575757576,281,13,17,0.0,95,97,98,99,99,99,99,99,99,99,99,99,99,99,99,99,99,99,99,0,518,2023-07-25
434,019-0474,3,3.3,2020-06-12,0,0,2,0.7575757575757576,281,13,17,0.0,100,100,100,100,100,100,100,100,100,100,100,100,100,100,100,100,100,100,100,0,10,2020-06-22
435,019-0474,3,3.8,2021-08-16,0,0,3,0.7575757575757576,281,13,17,0.0,100,100,100,100,100,100,100,100,100,100,100,100,100,100,100,100,100,100,100,0,48,2021-10-03
436,019-0474,3,4,2021-01-21,0,0,1,1.1785714285714286,279,13,17,0.0,94,94,95,95,95,95,93,93,93,93,99,99,99,99,99,99,99,99,99,0,887,2023-06-27
437,019-0474,3,4.1.1,2023-01-16,0,0,2,0.7575757575757576,281,13,17,0.0,0,0,0,0,0,0,100,100,100,100,100,100,100,100,100,100,100,100,100,0,0,2023-01-16
438,019-0474,3,4.10,2022-11-16,0,0,4,0.8,281,13,17,0.0,47,47,51,51,55,55,49,49,49,49,86,87,88,93,94,97,96,100,97,0,181,2023-05-16
439,019-0474,3,4.11,2021-11-10,0,0,4,0.7575757575757576,281,13,17,0.0,98,98,98,98,98,98,98,98,98,98,100,100,100,100,100,100,100,100,100,0,515,2023-04-09
440,019-0474,3,4.12,2022-07-08,0,0,3,1.1428571428571428,279,13,17,0.0,72,72,72,72,72,72,69,70,70,70,90,90,92,93,92,94,94,94,96,0,324,2023-05-28
441,019-0474,3,4.2,2021-01-21,0,0,1,0.7575757575757576,281,13,17,0.0,100,100,100,100,100,100,100,100,100,100,100,100,100,100,100,100,100,100,100,0,150,2021-06-20
442,019-0474,3,4.3,2021-04-08,0,0,2,0.7575757575757576,281,13,17,0.0,100,100,100,100,100,100,100,100,100,100,100,100,100,100,100,100,100,100,100,0,276,2022-01-09
443,019-0474,3,4.4,2021-05-17,0,0,2,0.7575757575757576,281,13,17,0.0,100,100,100,100,100,100,100,100,100,100,100,100,100,100,100,100,100,100,100,0,236,2022-01-08
444,019-0474,3,4.5,2021-12-03,0,0,1,0.7575757575757576,281,13,17,0.0,100,100,100,100,100,100,100,100,100,100,100,100,100,100,100,100,100,100,100,0,141,2022-04-23
445,019-0474,3,4.6,2022-02-18,0,0,1,0.7575757575757576,281,13,17,0.0,99,99,99,99,99,99,99,99,99,99,99,99,100,100,100,100,100,100,100,0,406,2023-03-31
446,019-0474,3,4.7,2022-03-18,0,0,2,0.7575757575757576,281,13,17,0.0,95,95,96,96,96,96,95,95,95,95,100,100,100,100,100,100,100,100,100,0,375,2023-03-28
447,019-0474,3,4.8,2022-12-26,0,0,1,0.8,281,13,17,0.0,7,7,10,10,10,10,10,10,10,10,73,79,85,91,94,100,100,100,96,0,123,2023-04-28
448,019-0474,3,4.9,2021-09-23,0,0,4,0.7575757575757576,281,13,17,0.0,98,98,98,98,98,98,98,98,98,98,100,100,100,100,100,100,100,100,100,0,550,2023-03-27
449,019-0474,3,5,2020-06-08,0,0,2,0.5847457627118644,281,13,17,0.0,14,14,40,38,42,42,47,47,52,53,52,51,55,57,66,69,69,64,63,0,1054,2023-04-28
450,019-0474,3,5.11,2023-03-24,0,0,3,0.0,281,13,17,0.0,0,0,0,0,0,0,0,0,0,0,0,0,0,0,0,0,0,0,0,0,3,2023-03-27
451,019-0474,3,7.1,2023-03-28,0,0,2,0.0,281,13,17,0.0,0,0,0,0,0,0,0,0,0,0,0,0,0,0,0,0,0,0,0,0,25,2023-04-22
452,019-0474,3,7.1.8,2023-04-13,0,0,2,0.0,281,13,17,0.0,0,0,0,0,0,0,0,0,0,0,0,0,0,0,0,0,0,0,0,0,6,2023-04-19
453,019-0474,3,7.4,2023-04-19,0,0,2,0.0,281,13,17,0.0,0,0,0,0,0,0,0,0,0,0,0,0,0,0,0,0,0,0,0,0,12,2023-05-01
454,019-0474,3,8,2023-05-01,0,0,2,0.0,281,13,17,11561.12,0,0,0,0,0,0,0,0,0,0,0,0,0,0,0,0,0,0,0,0,210,2023-11-27
455,019-0475,3,1,2019-07-08,0,0,3,0.7575757575757576,213,14,18,0.0,100,100,100,100,100,100,100,100,100,100,100,100,100,100,100,100,100,100,100,0,923,2022-01-16
456,019-0475,3,3,2019-09-16,0,0,4,0.75,213,14,18,0.0,99,99,99,99,99,99,99,99,99,99,99,99,99,99,99,99,99,99,99,0,1378,2023-06-25
457,019-0475,3,3.1,2020-05-18,0,0,2,0.7575757575757576,213,14,18,0.0,100,100,100,100,100,100,100,100,100,100,100,100,100,100,100,100,100,100,100,0,71,2020-07-28
458,019-0475,3,3.11,2020-01-07,0,0,1,0.7575757575757576,213,14,18,0.0,100,100,100,100,100,100,100,100,100,100,100,100,100,100,100,100,100,100,100,0,407,2021-02-17
459,019-0475,3,3.13,2023-02-01,1,0,2,0.7575757575757576,213,14,18,0.0,0,0,0,0,0,0,0,0,0,0,0,0,0,0,0,0,0,0,0,0,86,2023-04-28
460,019-0475,3,3.15,2021-02-01,0,0,2,0.75,213,14,18,0.0,99,99,99,99,99,99,99,99,99,99,99,99,99,99,99,99,99,99,99,0,846,2023-05-28
461,019-0475,3,3.3,2020-02-09,0,0,2,0.7575757575757576,213,14,18,0.0,100,100,100,100,100,100,100,100,100,100,100,100,100,100,100,100,100,100,100,0,23,2020-03-03
462,019-0475,3,3.8,2021-06-21,0,0,2,0.7575757575757576,213,14,18,0.0,100,100,100,100,100,100,100,100,100,100,100,100,100,100,100,100,100,100,100,0,28,2021-07-19
463,019-0475,3,4,2020-10-01,0,0,4,0.776,213,14,18,0.0,75,77,79,80,81,81,82,82,84,86,90,90,90,93,95,96,96,97,96,0,985,2023-06-13
464,019-0475,3,4.1.1,2022-04-21,0,0,2,0.7575757575757576,213,14,18,0.0,100,100,100,100,100,100,100,100,100,100,100,100,100,100,100,100,100,100,100,0,3,2022-04-24
465,019-0475,3,4.10,2023-03-16,0,0,2,0.0,213,14,18,0.0,0,0,0,0,0,0,0,0,0,0,0,0,0,0,0,0,0,0,0,0,56,2023-05-11
466,019-0475,3,4.11,2021-12-03,0,0,1,0.7424242424242424,213,14,18,0.0,92,93,95,95,96,96,96,95,96,96,96,96,96,96,96,97,97,98,98,0,544,2023-05-31
467,019-0475,3,4.12,2023-01-15,0,0,2,0.36,213,14,18,0.0,0,0,0,0,0,0,0,0,0,0,1,2,2,16,26,29,37,45,42,0,95,2023-04-20
468,019-0475,3,4.2,2020-10-01,0,0,4,0.7575757575757576,213,14,18,0.0,100,100,100,100,100,100,100,100,100,100,100,100,100,100,100,100,100,100,100,0,315,2021-08-12
469,019-0475,3,4.3,2021-02-24,0,0,2,0.7575757575757576,213,14,18,0.0,100,100,100,100,100,100,100,100,100,100,100,100,100,100,100,100,100,100,100,0,316,2022-01-06
470,019-0475,3,4.4,2021-05-31,0,0,2,0.7575757575757576,213,14,18,0.0,100,100,100,100,100,100,100,100,100,100,100,100,100,100,100,100,100,100,100,0,264,2022-02-19
471,019-0475,3,4.5,2022-04-20,0,0,2,0.7575757575757576,213,14,18,0.0,100,100,100,100,100,100,100,100,100,100,100,100,100,100,100,100,100,100,100,0,139,2022-09-06
472,019-0475,3,4.6,2022-03-01,0,0,2,0.75,213,14,18,0.0,93,95,96,97,97,97,98,98,99,99,99,99,99,99,99,99,99,99,99,0,448,2023-05-23
473,019-0475,3,4.7,2022-01-20,0,0,1,0.75,213,14,18,0.0,71,72,73,74,75,75,76,77,78,83,90,89,89,92,98,98,98,99,99,0,477,2023-05-12
474,019-0475,3,4.8,2023-01-15,0,0,1,0.416,213,14,18,0.0,0,1,2,3,4,4,6,8,10,11,13,15,15,40,37,43,48,52,44,0,148,2023-06-12
475,019-0475,3,4.9,2021-10-27,0,0,4,0.7348484848484849,213,14,18,0.0,74,76,78,82,83,83,85,86,87,88,92,93,93,95,96,96,96,97,97,0,609,2023-06-28
476,019-0475,3,5,2020-02-25,0,0,4,0.3333333333333333,213,14,18,0.0,6,8,14,21,18,18,23,27,28,28,33,34,34,34,37,37,40,42,44,0,364,2021-02-23
477,019-0475,3,5.11,2023-05-17,0,0,3,0.0,213,14,18,0.0,0,0,0,0,0,0,0,0,0,0,0,0,0,0,0,0,0,0,0,0,8,2023-05-25
478,019-0475,3,7.1,2023-05-04,0,0,3,0.0,213,14,18,0.0,0,0,0,0,0,0,0,0,0,0,0,0,0,0,0,0,0,0,0,0,35,2023-06-08
479,019-0475,3,7.1.8,2023-06-02,0,0,3,0.0,213,14,18,0.0,0,0,0,0,0,0,0,0,0,0,0,0,0,0,0,0,0,0,0,0,3,2023-06-05
480,019-0475,3,7.4,2023-06-05,0,0,3,0.0,213,14,18,0.0,0,0,0,0,0,0,0,0,0,0,0,0,0,0,0,0,0,0,0,0,11,2023-06-16
481,019-0475,3,8,2023-06-30,0,0,3,0.0,213,14,18,12032.12,0,0,0,0,0,0,0,0,0,0,0,0,0,0,0,0,0,0,0,0,218,2024-02-03
482,019-0476,3,3,2018-08-27,0,0,3,0.7575757575757576,3,19,31,0.0,100,100,100,100,100,100,100,100,100,100,100,100,100,100,100,100,100,100,100,0,798,2020-11-02
483,019-0476,3,3.1,2018-08-27,0,0,3,0.7575757575757576,3,19,31,0.0,100,100,100,100,100,100,100,100,100,100,100,100,100,100,100,100,100,100,100,0,4,2018-08-31
484,019-0476,3,3.11,2018-08-27,0,0,3,0.7575757575757576,3,19,31,0.0,100,100,100,100,100,100,100,100,100,100,100,100,100,100,100,100,100,100,100,0,271,2019-05-25
485,019-0476,3,3.13,2019-03-07,0,0,2,0.7575757575757576,3,19,31,0.0,100,100,100,100,100,100,100,100,100,100,100,100,100,100,100,100,100,100,100,0,112,2019-06-27
486,019-0476,3,3.15,2020-02-13,0,0,2,0.7575757575757576,3,19,31,0.0,100,100,100,100,100,100,100,100,100,100,100,100,100,100,100,100,100,100,100,0,274,2020-11-13
487,019-0476,3,3.3,2019-04-30,0,0,2,0.7575757575757576,3,19,31,0.0,100,100,100,100,100,100,100,100,100,100,100,100,100,100,100,100,100,100,100,0,54,2019-06-23
488,019-0476,3,3.8,2020-10-30,0,0,4,0.7575757575757576,3,19,31,0.0,100,100,100,100,100,100,100,100,100,100,100,100,100,100,100,100,100,100,100,0,0,2020-10-30
489,019-0476,3,4,2020-02-13,0,0,2,0.7575757575757576,3,19,31,0.0,100,100,100,100,100,100,100,100,100,100,100,100,100,100,100,100,100,100,100,0,650,2021-11-24
490,019-0476,3,4.1.1,2020-06-25,0,0,2,0.7575757575757576,3,19,31,0.0,100,100,100,100,100,100,100,100,100,100,100,100,100,100,100,100,100,100,100,0,1,2020-06-26
491,019-0476,3,4.10,2021-10-11,0,0,4,0.7575757575757576,3,19,31,0.0,100,100,100,100,100,100,100,100,100,100,100,100,100,100,100,100,100,100,100,0,98,2022-01-17
492,019-0476,3,4.11,2020-11-02,0,0,4,0.7575757575757576,3,19,31,0.0,100,100,100,100,100,100,100,100,100,100,100,100,100,100,100,100,100,100,100,0,396,2021-12-03
493,019-0476,3,4.12,2021-10-05,0,0,4,0.7575757575757576,3,19,31,0.0,100,100,100,100,100,100,100,100,100,100,100,100,100,100,100,100,100,100,100,0,95,2022-01-08
494,019-0476,3,4.2,2020-02-13,0,0,2,0.7575757575757576,3,19,31,0.0,100,100,100,100,100,100,100,100,100,100,100,100,100,100,100,100,100,100,100,0,230,2020-09-30
495,019-0476,3,4.3,2020-03-30,0,0,2,0.7575757575757576,3,19,31,0.0,100,100,100,100,100,100,100,100,100,100,100,100,100,100,100,100,100,100,100,0,128,2020-08-05
496,019-0476,3,4.4,2020-05-25,0,0,2,0.7575757575757576,3,19,31,0.0,100,100,100,100,100,100,100,100,100,100,100,100,100,100,100,100,100,100,100,0,193,2020-12-04
497,019-0476,3,4.5,2020-12-11,0,0,1,0.7575757575757576,3,19,31,0.0,100,100,100,100,100,100,100,100,100,100,100,100,100,100,100,100,100,100,100,0,120,2021-04-10
498,019-0476,3,4.6,2020-11-13,0,0,4,0.7575757575757576,3,19,31,0.0,100,100,100,100,100,100,100,100,100,100,100,100,100,100,100,100,100,100,100,0,271,2021-08-11
499,019-0476,3,4.7,2020-11-02,0,0,4,0.7575757575757576,3,19,31,0.0,100,100,100,100,100,100,100,100,100,100,100,100,100,100,100,100,100,100,100,0,369,2021-11-06
500,019-0476,3,4.8,2021-04-30,0,0,2,0.7575757575757576,3,19,31,0.0,100,100,100,100,100,100,100,100,100,100,100,100,100,100,100,100,100,100,100,0,161,2021-10-08
501,019-0476,3,4.9,2020-08-17,0,0,3,0.7575757575757576,3,19,31,0.0,100,100,100,100,100,100,100,100,100,100,100,100,100,100,100,100,100,100,100,0,448,2021-11-08
502,019-0476,3,5,2021-10-27,0,0,4,0.7575757575757576,3,19,31,0.0,100,100,100,100,100,100,100,100,100,100,100,100,100,100,100,100,100,100,100,0,198,2022-05-13
503,019-0477,2,1,2019-12-23,0,0,1,0.7575757575757576,95,12,16,0.0,100,100,100,100,100,100,100,100,100,100,100,100,100,100,100,100,100,100,100,0,696,2021-11-18
504,019-0477,2,1.4.2,2021-02-03,0,0,2,0.7575757575757576,95,12,16,0.0,100,100,100,100,100,100,100,100,100,100,100,100,100,100,100,100,100,100,100,0,102,2021-05-16
505,019-0477,2,3,2020-07-01,0,0,3,0.75,95,12,16,0.0,98,98,99,99,99,99,99,99,99,99,99,99,99,99,99,99,99,99,99,0,1059,2023-05-26
506,019-0477,2,3.1,2021-02-16,0,0,2,0.7575757575757576,95,12,16,0.0,100,100,100,100,100,100,100,100,100,100,100,100,100,100,100,100,100,100,100,0,61,2021-04-18
507,019-0477,2,3.11,2020-07-01,0,0,3,0.7575757575757576,95,12,16,0.0,100,100,100,100,100,100,100,100,100,100,100,100,100,100,100,100,100,100,100,0,342,2021-06-08
508,019-0477,2,3.13,2023-01-26,1,0,1,0.7575757575757576,95,12,16,0.0,0,0,0,0,0,0,4,6,10,21,30,33,33,38,45,52,59,60,59,0,100,2023-05-06
509,019-0477,2,3.15,2021-04-27,0,0,2,0.7575757575757576,95,12,16,0.0,100,100,100,100,100,100,100,100,100,100,100,100,100,100,100,100,100,100,100,0,456,2022-07-27
510,019-0477,2,3.3,2021-01-19,0,0,1,0.7575757575757576,95,12,16,0.0,100,100,100,100,100,100,100,100,100,100,100,100,100,100,100,100,100,100,100,0,42,2021-03-02
511,019-0477,2,3.8,2021-05-20,0,0,2,0.7575757575757576,95,12,16,0.0,100,100,100,100,100,100,100,100,100,100,100,100,100,100,100,100,100,100,100,0,6,2021-05-26
512,019-0477,2,4,2019-02-01,0,0,2,0.7575757575757576,95,12,16,0.0,99,99,99,99,99,99,99,99,99,99,99,99,99,99,100,100,100,100,100,0,1480,2023-02-20
513,019-0477,2,4.10,2022-09-12,0,0,4,0.7575757575757576,95,12,16,0.0,30,30,68,83,89,89,88,88,90,100,100,100,100,100,100,100,100,100,100,0,182,2023-03-13
514,019-0477,2,4.11,2019-02-01,0,0,2,0.7575757575757576,95,12,16,0.0,100,100,100,100,100,100,100,100,100,100,100,100,100,100,100,100,100,100,100,0,1201,2022-05-17
515,019-0477,2,4.12,2022-07-25,0,0,3,0.7575757575757576,95,12,16,0.0,90,90,90,95,95,95,95,95,96,97,97,97,97,98,100,100,100,100,100,0,274,2023-04-25
516,019-0477,2,4.2,2021-07-01,0,0,3,0.7575757575757576,95,12,16,0.0,100,100,100,100,100,100,100,100,100,100,100,100,100,100,100,100,100,100,100,0,164,2021-12-12
517,019-0477,2,4.5,2021-09-15,0,0,4,0.7575757575757576,95,12,16,0.0,100,100,100,100,100,100,100,100,100,100,100,100,100,100,100,100,100,100,100,0,196,2022-03-30
518,019-0477,2,4.6,2021-09-16,0,0,4,0.7575757575757576,95,12,16,0.0,100,100,100,100,100,100,100,100,100,100,100,100,100,100,100,100,100,100,100,0,310,2022-07-23
519,019-0477,2,4.7,2021-09-01,0,0,4,0.7575757575757576,95,12,16,0.0,99,99,99,99,99,99,100,100,100,100,100,100,100,100,100,100,100,100,100,0,530,2023-02-13
520,019-0477,2,4.8,2022-10-06,0,0,4,0.7575757575757576,95,12,16,0.0,100,100,100,100,100,100,100,100,100,100,100,100,100,100,100,100,100,100,100,0,72,2022-12-17
521,019-0477,2,4.9,2021-07-30,0,0,3,0.7575757575757576,95,12,16,0.0,98,98,98,98,98,98,99,99,99,100,100,100,100,100,100,100,100,100,100,0,590,2023-03-12
522,019-0477,2,5,2019-04-30,0,0,2,0.8839285714285714,123,12,16,0.0,47,47,46,46,56,56,79,82,87,91,90,90,93,96,99,99,99,99,99,0,1473,2023-05-12
523,019-0477,2,5.11,2023-02-01,0,0,2,0.7575757575757576,95,12,16,0.0,0,0,0,0,0,0,0,0,0,75,75,75,80,80,100,100,100,100,100,0,34,2023-03-07
524,019-0477,2,7.1,2022-12-16,0,0,1,0.8220338983050848,95,12,16,0.0,13,13,13,13,13,13,14,14,22,40,37,40,44,51,86,93,97,96,96,0,147,2023-05-12
525,019-0477,2,7.1.8,2023-03-07,0,0,2,0.7575757575757576,95,12,16,0.0,0,0,0,0,0,0,0,0,0,0,0,0,0,0,0,0,100,100,100,0,0,2023-03-07
526,019-0477,2,7.4,2020-04-28,0,0,2,0.7045454545454546,95,12,16,0.0,15,15,15,15,15,15,15,15,16,43,41,41,55,54,49,69,87,87,93,0,742,2022-05-10
527,019-0477,2,8,2023-04-03,0,0,2,0.0,95,12,16,3592.7,0,0,0,0,0,0,0,0,0,0,0,0,0,0,0,0,0,0,0,0,210,2023-10-30
